DATE,GVZ
09/18/2009,22.620000
09/21/2009,23.220000
09/22/2009,24.530000
09/23/2009,23.980000
09/24/2009,22.000000
09/25/2009,21.790000
09/28/2009,20.400000
09/29/2009,20.450000
09/30/2009,21.540000
10/01/2009,21.460000
10/02/2009,21.380000
10/05/2009,22.780000
10/06/2009,25.360000
10/07/2009,24.010000
10/08/2009,24.880000
10/09/2009,23.190000
10/12/2009,22.470000
10/13/2009,22.340000
10/14/2009,20.570000
10/15/2009,20.350000
10/16/2009,20.760000
10/19/2009,20.900000
10/20/2009,20.090000
10/21/2009,21.530000
10/22/2009,19.750000
10/23/2009,19.980000
10/26/2009,20.870000
10/27/2009,20.520000
10/28/2009,21.190000
10/29/2009,20.720000
10/30/2009,21.200000
11/02/2009,22.300000
11/03/2009,25.250000
11/04/2009,25.130000
11/05/2009,22.760000
11/06/2009,21.450000
11/09/2009,21.920000
11/10/2009,22.040000
11/11/2009,22.450000
11/12/2009,23.060000
11/13/2009,21.900000
11/16/2009,24.340000
11/17/2009,23.030000
11/18/2009,24.100000
11/19/2009,23.960000
11/20/2009,24.650000
11/23/2009,25.640000
11/24/2009,23.560000
11/25/2009,25.390000
11/27/2009,27.140000
11/30/2009,26.270000
12/01/2009,26.690000
12/02/2009,26.740000
12/03/2009,26.810000
12/04/2009,29.820000
12/07/2009,29.120000
12/08/2009,29.200000
12/09/2009,28.990000
12/10/2009,27.860000
12/11/2009,27.820000
12/14/2009,25.480000
12/15/2009,26.050000
12/16/2009,24.900000
12/17/2009,27.160000
12/18/2009,26.590000
12/21/2009,25.880000
12/22/2009,25.220000
12/23/2009,23.360000
12/24/2009,23.100000
12/28/2009,26.020000
12/29/2009,24.850000
12/30/2009,24.530000
12/31/2009,23.710000
01/04/2010,24.590000
01/05/2010,23.340000
01/06/2010,23.900000
01/07/2010,23.320000
01/08/2010,22.040000
01/11/2010,20.970000
01/12/2010,21.970000
01/13/2010,20.630000
01/14/2010,21.340000
01/15/2010,21.480000
01/19/2010,21.310000
01/20/2010,22.850000
01/21/2010,24.820000
01/22/2010,26.010000
01/25/2010,24.730000
01/26/2010,24.350000
01/27/2010,24.080000
01/28/2010,23.350000
01/29/2010,23.870000
02/01/2010,23.840000
02/02/2010,22.750000
02/03/2010,22.090000
02/04/2010,27.190000
02/05/2010,27.590000
02/08/2010,26.880000
02/09/2010,25.450000
02/10/2010,26.020000
02/11/2010,25.480000
02/12/2010,24.290000
02/16/2010,25.380000
02/17/2010,24.880000
02/18/2010,24.000000
02/19/2010,24.050000
02/22/2010,23.530000
02/23/2010,23.890000
02/24/2010,22.680000
02/25/2010,21.850000
02/26/2010,21.310000
03/01/2010,21.130000
03/02/2010,21.760000
03/03/2010,21.370000
03/04/2010,20.060000
03/05/2010,19.290000
03/08/2010,19.890000
03/09/2010,19.880000
03/10/2010,20.930000
03/11/2010,20.190000
03/12/2010,20.160000
03/15/2010,20.900000
03/16/2010,20.320000
03/17/2010,19.800000
03/18/2010,19.230000
03/19/2010,19.710000
03/22/2010,19.060000
03/23/2010,18.520000
03/24/2010,20.810000
03/25/2010,20.270000
03/26/2010,19.730000
03/29/2010,19.070000
03/30/2010,18.160000
03/31/2010,18.140000
04/01/2010,17.490000
04/05/2010,18.060000
04/06/2010,17.930000
04/07/2010,19.130000
04/08/2010,18.860000
04/09/2010,19.400000
04/12/2010,18.270000
04/13/2010,17.510000
04/14/2010,17.310000
04/15/2010,17.440000
04/16/2010,18.850000
04/19/2010,18.940000
04/20/2010,17.690000
04/21/2010,17.800000
04/22/2010,17.770000
04/23/2010,17.900000
04/26/2010,17.730000
04/27/2010,17.730000
04/28/2010,20.130000
04/29/2010,19.350000
04/30/2010,20.420000
05/03/2010,20.930000
05/04/2010,21.710000
05/05/2010,21.790000
05/06/2010,26.310000
05/07/2010,26.240000
05/10/2010,24.350000
05/11/2010,25.960000
05/12/2010,25.340000
05/13/2010,24.410000
05/14/2010,26.210000
05/17/2010,26.460000
05/18/2010,26.250000
05/19/2010,27.050000
05/20/2010,30.730000
05/21/2010,27.780000
05/24/2010,25.720000
05/25/2010,25.720000
05/26/2010,24.740000
05/27/2010,23.000000
05/28/2010,22.280000
06/01/2010,23.150000
06/02/2010,21.550000
06/03/2010,21.700000
06/04/2010,23.150000
06/07/2010,24.950000
06/08/2010,24.980000
06/09/2010,24.580000
06/10/2010,23.290000
06/11/2010,21.620000
06/14/2010,21.790000
06/15/2010,21.260000
06/16/2010,20.850000
06/17/2010,22.780000
06/18/2010,22.040000
06/21/2010,22.250000
06/22/2010,22.370000
06/23/2010,22.380000
06/24/2010,22.270000
06/25/2010,22.060000
06/28/2010,22.800000
06/29/2010,24.070000
06/30/2010,23.460000
07/01/2010,25.130000
07/02/2010,22.950000
07/06/2010,23.700000
07/07/2010,22.000000
07/08/2010,20.260000
07/09/2010,19.680000
07/12/2010,18.510000
07/13/2010,18.990000
07/14/2010,18.240000
07/15/2010,17.180000
07/16/2010,20.130000
07/19/2010,20.310000
07/20/2010,20.410000
07/21/2010,20.500000
07/22/2010,19.810000
07/23/2010,20.280000
07/26/2010,20.980000
07/27/2010,22.120000
07/28/2010,21.290000
07/29/2010,19.740000
07/30/2010,18.860000
08/02/2010,18.790000
08/03/2010,18.420000
08/04/2010,18.110000
08/05/2010,18.000000
08/06/2010,17.820000
08/09/2010,17.610000
08/10/2010,18.110000
08/11/2010,19.000000
08/12/2010,18.740000
08/13/2010,18.370000
08/16/2010,18.500000
08/17/2010,17.370000
08/18/2010,17.790000
08/19/2010,18.140000
08/20/2010,18.870000
08/23/2010,18.420000
08/24/2010,19.110000
08/25/2010,19.600000
08/26/2010,18.810000
08/27/2010,18.390000
08/30/2010,18.520000
08/31/2010,19.390000
09/01/2010,17.980000
09/02/2010,17.830000
09/03/2010,17.510000
09/07/2010,17.770000
09/08/2010,17.880000
09/09/2010,17.410000
09/10/2010,17.300000
09/13/2010,16.690000
09/14/2010,18.240000
09/15/2010,17.560000
09/16/2010,18.260000
09/17/2010,18.080000
09/20/2010,17.920000
09/21/2010,17.940000
09/22/2010,17.360000
09/23/2010,17.560000
09/24/2010,17.810000
09/27/2010,18.220000
09/28/2010,18.200000
09/29/2010,18.650000
09/30/2010,18.650000
10/01/2010,18.410000
10/04/2010,18.880000
10/05/2010,19.580000
10/06/2010,19.840000
10/07/2010,21.430000
10/08/2010,20.650000
10/11/2010,20.130000
10/12/2010,20.010000
10/13/2010,20.850000
10/14/2010,22.610000
10/15/2010,21.050000
10/18/2010,20.890000
10/19/2010,21.160000
10/20/2010,20.510000
10/21/2010,21.110000
10/22/2010,20.450000
10/25/2010,20.060000
10/26/2010,20.160000
10/27/2010,20.420000
10/28/2010,20.810000
10/29/2010,21.240000
11/01/2010,22.450000
11/02/2010,21.870000
11/03/2010,20.680000
11/04/2010,21.480000
11/05/2010,21.060000
11/08/2010,22.380000
11/09/2010,24.650000
11/10/2010,24.020000
11/11/2010,23.220000
11/12/2010,23.670000
11/15/2010,23.320000
11/16/2010,23.560000
11/17/2010,22.090000
11/18/2010,21.310000
11/19/2010,20.130000
11/22/2010,20.230000
11/23/2010,21.330000
11/24/2010,20.590000
11/26/2010,15.920000
11/29/2010,21.510000
11/30/2010,22.610000
12/01/2010,22.640000
12/02/2010,21.690000
12/03/2010,20.950000
12/06/2010,20.740000
12/07/2010,20.970000
12/08/2010,21.130000
12/09/2010,20.040000
12/10/2010,19.630000
12/13/2010,17.350000
12/14/2010,16.770000
12/15/2010,16.870000
12/16/2010,17.310000
12/17/2010,16.410000
12/20/2010,16.300000
12/21/2010,16.660000
12/22/2010,16.320000
12/23/2010,16.230000
12/27/2010,17.310000
12/28/2010,18.700000
12/29/2010,19.540000
12/30/2010,19.670000
12/31/2010,19.530000
01/03/2011,18.950000
01/04/2011,18.840000
01/05/2011,18.830000
01/06/2011,19.240000
01/07/2011,18.500000
01/10/2011,18.320000
01/11/2011,17.520000
01/12/2011,16.920000
01/13/2011,18.460000
01/14/2011,18.720000
01/18/2011,17.660000
01/19/2011,17.950000
01/20/2011,18.530000
01/21/2011,19.060000
01/24/2011,18.990000
01/25/2011,18.730000
01/26/2011,18.860000
01/27/2011,18.870000
01/28/2011,18.650000
01/31/2011,18.330000
02/01/2011,17.700000
02/02/2011,17.220000
02/03/2011,17.740000
02/04/2011,17.000000
02/07/2011,16.140000
02/08/2011,15.610000
02/09/2011,15.840000
02/10/2011,15.490000
02/11/2011,15.870000
02/14/2011,15.560000
02/15/2011,15.230000
02/16/2011,15.130000
02/17/2011,15.300000
02/18/2011,16.170000
02/22/2011,16.830000
02/23/2011,18.020000
02/24/2011,16.620000
02/25/2011,15.690000
02/28/2011,15.980000
03/01/2011,17.460000
03/02/2011,17.910000
03/03/2011,17.560000
03/04/2011,17.500000
03/07/2011,17.790000
03/08/2011,17.350000
03/09/2011,16.650000
03/10/2011,17.180000
03/11/2011,17.650000
03/14/2011,17.950000
03/15/2011,19.040000
03/16/2011,18.740000
03/17/2011,18.160000
03/18/2011,18.100000
03/21/2011,17.010000
03/22/2011,16.630000
03/23/2011,16.830000
03/24/2011,17.610000
03/25/2011,16.950000
03/28/2011,17.090000
03/29/2011,16.400000
03/30/2011,15.910000
03/31/2011,17.160000
04/01/2011,16.240000
04/04/2011,15.820000
04/05/2011,16.410000
04/06/2011,16.050000
04/07/2011,15.740000
04/08/2011,15.590000
04/11/2011,15.260000
04/12/2011,15.650000
04/13/2011,14.720000
04/14/2011,15.060000
04/15/2011,15.780000
04/18/2011,16.730000
04/19/2011,16.310000
04/20/2011,16.380000
04/21/2011,15.700000
04/25/2011,18.320000
04/26/2011,17.300000
04/27/2011,17.760000
04/28/2011,17.820000
04/29/2011,20.250000
05/02/2011,21.110000
05/03/2011,19.610000
05/04/2011,19.800000
05/05/2011,22.060000
05/06/2011,21.400000
05/09/2011,19.950000
05/10/2011,19.140000
05/11/2011,19.470000
05/12/2011,19.230000
05/13/2011,19.770000
05/16/2011,19.330000
05/17/2011,19.000000
05/18/2011,18.150000
05/19/2011,17.440000
05/20/2011,17.550000
05/23/2011,18.300000
05/24/2011,17.840000
05/25/2011,17.530000
05/26/2011,16.660000
05/27/2011,16.620000
05/31/2011,16.740000
06/01/2011,17.740000
06/02/2011,17.380000
06/03/2011,16.790000
06/06/2011,18.120000
06/07/2011,16.840000
06/08/2011,16.560000
06/09/2011,16.060000
06/10/2011,16.510000
06/13/2011,16.950000
06/14/2011,15.330000
06/15/2011,17.320000
06/16/2011,17.610000
06/17/2011,17.030000
06/20/2011,16.640000
06/21/2011,15.990000
06/22/2011,16.100000
06/23/2011,16.970000
06/24/2011,17.790000
06/27/2011,17.520000
06/28/2011,16.840000
06/29/2011,15.790000
06/30/2011,15.340000
07/01/2011,15.060000
07/05/2011,15.150000
07/06/2011,15.810000
07/07/2011,15.290000
07/08/2011,15.180000
07/11/2011,16.300000
07/12/2011,17.630000
07/13/2011,18.220000
07/14/2011,17.900000
07/15/2011,16.910000
07/18/2011,18.960000
07/19/2011,18.140000
07/20/2011,17.910000
07/21/2011,17.400000
07/22/2011,16.980000
07/25/2011,18.690000
07/26/2011,18.580000
07/27/2011,19.240000
07/28/2011,18.990000
07/29/2011,19.530000
08/01/2011,19.580000
08/02/2011,20.090000
08/03/2011,19.950000
08/04/2011,22.280000
08/05/2011,21.740000
08/08/2011,28.210000
08/09/2011,31.130000
08/10/2011,32.200000
08/11/2011,29.760000
08/12/2011,25.910000
08/15/2011,24.810000
08/16/2011,26.680000
08/17/2011,25.120000
08/18/2011,26.810000
08/19/2011,28.910000
08/22/2011,33.090000
08/23/2011,33.420000
08/24/2011,33.290000
08/25/2011,34.420000
08/26/2011,33.030000
08/29/2011,32.550000
08/30/2011,32.120000
08/31/2011,30.420000
09/01/2011,28.060000
09/02/2011,30.160000
09/06/2011,34.170000
09/07/2011,34.110000
09/08/2011,34.430000
09/09/2011,37.580000
09/12/2011,37.200000
09/13/2011,32.490000
09/14/2011,29.830000
09/15/2011,29.460000
09/16/2011,28.860000
09/19/2011,30.700000
09/20/2011,30.630000
09/21/2011,29.680000
09/22/2011,32.190000
09/23/2011,39.170000
09/26/2011,39.860000
09/27/2011,36.550000
09/28/2011,39.950000
09/29/2011,37.080000
09/30/2011,37.030000
10/03/2011,36.920000
10/04/2011,37.740000
10/05/2011,36.940000
10/06/2011,35.220000
10/07/2011,33.160000
10/10/2011,31.260000
10/11/2011,30.620000
10/12/2011,29.510000
10/13/2011,28.480000
10/14/2011,26.610000
10/17/2011,28.930000
10/18/2011,29.170000
10/19/2011,31.130000
10/20/2011,32.080000
10/21/2011,28.890000
10/24/2011,26.980000
10/25/2011,29.920000
10/26/2011,30.790000
10/27/2011,27.580000
10/28/2011,25.840000
10/31/2011,27.450000
11/01/2011,29.700000
11/02/2011,30.160000
11/03/2011,30.120000
11/04/2011,28.370000
11/07/2011,30.240000
11/08/2011,29.210000
11/09/2011,29.850000
11/10/2011,28.810000
11/11/2011,27.850000
11/14/2011,27.850000
11/15/2011,26.750000
11/16/2011,26.940000
11/17/2011,28.860000
11/18/2011,27.590000
11/21/2011,30.070000
11/22/2011,27.560000
11/23/2011,27.810000
11/25/2011,20.460000
11/28/2011,26.610000
11/29/2011,25.740000
11/30/2011,25.320000
12/01/2011,24.550000
12/02/2011,23.510000
12/05/2011,24.970000
12/06/2011,24.520000
12/07/2011,24.150000
12/08/2011,25.180000
12/09/2011,23.130000
12/12/2011,23.660000
12/13/2011,24.100000
12/14/2011,28.630000
12/15/2011,27.280000
12/16/2011,24.800000
12/19/2011,23.420000
12/20/2011,21.330000
12/21/2011,21.220000
12/22/2011,20.230000
12/23/2011,19.670000
12/27/2011,20.810000
12/28/2011,24.330000
12/29/2011,23.120000
12/30/2011,23.240000
01/03/2012,22.900000
01/04/2012,22.080000
01/05/2012,22.340000
01/06/2012,21.300000
01/09/2012,21.470000
01/10/2012,21.510000
01/11/2012,22.340000
01/12/2012,21.600000
01/13/2012,21.200000
01/17/2012,21.600000
01/18/2012,21.140000
01/19/2012,20.340000
01/20/2012,19.580000
01/23/2012,20.180000
01/24/2012,20.080000
01/25/2012,22.240000
01/26/2012,21.710000
01/27/2012,20.820000
01/30/2012,21.230000
01/31/2012,20.930000
02/01/2012,21.540000
02/02/2012,21.930000
02/03/2012,21.050000
02/06/2012,21.200000
02/07/2012,20.450000
02/08/2012,20.690000
02/09/2012,20.030000
02/10/2012,19.730000
02/13/2012,19.070000
02/14/2012,19.240000
02/15/2012,19.280000
02/16/2012,19.210000
02/17/2012,18.610000
02/21/2012,19.940000
02/22/2012,19.840000
02/23/2012,19.760000
02/24/2012,19.010000
02/27/2012,19.100000
02/28/2012,20.120000
02/29/2012,22.900000
03/01/2012,19.530000
03/02/2012,18.960000
03/05/2012,19.400000
03/06/2012,20.230000
03/07/2012,19.180000
03/08/2012,19.260000
03/09/2012,19.410000
03/12/2012,19.210000
03/13/2012,20.470000
03/14/2012,20.600000
03/15/2012,18.240000
03/16/2012,18.990000
03/19/2012,17.830000
03/20/2012,18.420000
03/21/2012,18.040000
03/22/2012,18.510000
03/23/2012,18.300000
03/26/2012,19.220000
03/27/2012,18.620000
03/28/2012,18.180000
03/29/2012,17.430000
03/30/2012,17.010000
04/02/2012,17.100000
04/03/2012,18.050000
04/04/2012,18.880000
04/05/2012,18.020000
04/09/2012,19.210000
04/10/2012,19.940000
04/11/2012,20.020000
04/12/2012,18.640000
04/13/2012,18.440000
04/16/2012,18.800000
04/17/2012,18.030000
04/18/2012,17.540000
04/19/2012,17.330000
04/20/2012,16.720000
04/23/2012,17.110000
04/24/2012,17.640000
04/25/2012,17.450000
04/26/2012,16.940000
04/27/2012,16.610000
04/30/2012,16.930000
05/01/2012,16.470000
05/02/2012,16.550000
05/03/2012,17.450000
05/04/2012,16.320000
05/07/2012,16.380000
05/08/2012,17.930000
05/09/2012,19.320000
05/10/2012,18.250000
05/11/2012,18.460000
05/14/2012,20.050000
05/15/2012,20.750000
05/16/2012,22.200000
05/17/2012,22.590000
05/18/2012,23.290000
05/21/2012,20.690000
05/22/2012,20.040000
05/23/2012,21.790000
05/24/2012,21.930000
05/25/2012,21.110000
05/29/2012,21.720000
05/30/2012,23.460000
05/31/2012,23.110000
06/01/2012,25.300000
06/04/2012,25.360000
06/05/2012,23.990000
06/06/2012,23.140000
06/07/2012,22.920000
06/08/2012,22.030000
06/11/2012,22.190000
06/12/2012,22.900000
06/13/2012,23.960000
06/14/2012,24.100000
06/15/2012,22.940000
06/18/2012,20.640000
06/19/2012,20.510000
06/20/2012,19.880000
06/21/2012,21.070000
06/22/2012,20.290000
06/25/2012,20.460000
06/26/2012,20.470000
06/27/2012,19.960000
06/28/2012,20.560000
06/29/2012,19.530000
07/02/2012,19.340000
07/03/2012,25.230000
07/05/2012,18.940000
07/06/2012,19.460000
07/09/2012,19.040000
07/10/2012,20.280000
07/11/2012,19.220000
07/12/2012,19.310000
07/13/2012,18.520000
07/16/2012,18.030000
07/17/2012,17.700000
07/18/2012,17.350000
07/19/2012,16.830000
07/20/2012,16.880000
07/23/2012,18.340000
07/24/2012,19.600000
07/25/2012,19.640000
07/26/2012,19.370000
07/27/2012,19.110000
07/30/2012,19.430000
07/31/2012,19.510000
08/01/2012,19.010000
08/02/2012,18.050000
08/03/2012,16.650000
08/06/2012,16.350000
08/07/2012,16.480000
08/08/2012,16.250000
08/09/2012,16.190000
08/10/2012,16.160000
08/13/2012,15.130000
08/14/2012,14.960000
08/15/2012,14.870000
08/16/2012,15.170000
08/17/2012,14.700000
08/20/2012,14.780000
08/21/2012,16.290000
08/22/2012,17.150000
08/23/2012,17.940000
08/24/2012,16.880000
08/27/2012,16.900000
08/28/2012,16.540000
08/29/2012,16.500000
08/30/2012,17.140000
08/31/2012,17.890000
09/04/2012,17.970000
09/05/2012,18.180000
09/06/2012,17.800000
09/07/2012,18.950000
09/10/2012,19.080000
09/11/2012,19.590000
09/12/2012,20.150000
09/13/2012,19.030000
09/14/2012,17.870000
09/17/2012,18.080000
09/18/2012,17.890000
09/19/2012,17.690000
09/20/2012,17.290000
09/21/2012,17.090000
09/24/2012,16.940000
09/25/2012,16.740000
09/26/2012,16.310000
09/27/2012,17.020000
09/28/2012,16.760000
10/01/2012,16.900000
10/02/2012,16.340000
10/03/2012,16.590000
10/04/2012,17.270000
10/05/2012,15.880000
10/08/2012,16.130000
10/09/2012,15.720000
10/10/2012,15.530000
10/11/2012,15.310000
10/12/2012,15.720000
10/15/2012,15.470000
10/16/2012,15.120000
10/17/2012,14.640000
10/18/2012,14.730000
10/19/2012,15.100000
10/22/2012,14.880000
10/23/2012,15.800000
10/24/2012,15.700000
10/25/2012,15.360000
10/26/2012,14.920000
10/31/2012,14.990000
11/01/2012,14.490000
11/02/2012,16.200000
11/05/2012,17.480000
11/06/2012,18.000000
11/07/2012,16.690000
11/08/2012,17.020000
11/09/2012,16.070000
11/12/2012,15.660000
11/13/2012,14.540000
11/14/2012,14.940000
11/15/2012,14.260000
11/16/2012,13.280000
11/19/2012,13.610000
11/20/2012,13.520000
11/21/2012,13.220000
11/23/2012,15.480000
11/26/2012,13.180000
11/27/2012,13.680000
11/28/2012,13.700000
11/29/2012,12.670000
11/30/2012,13.240000
12/03/2012,13.400000
12/04/2012,13.950000
12/05/2012,14.000000
12/06/2012,14.070000
12/07/2012,13.870000
12/10/2012,14.200000
12/11/2012,14.160000
12/12/2012,13.340000
12/13/2012,13.010000
12/14/2012,12.600000
12/17/2012,11.970000
12/18/2012,13.690000
12/19/2012,13.730000
12/20/2012,14.530000
12/21/2012,13.820000
12/24/2012,13.210000
12/26/2012,13.560000
12/27/2012,14.830000
12/28/2012,15.300000
12/31/2012,14.380000
01/02/2013,13.430000
01/03/2013,13.720000
01/04/2013,13.780000
01/07/2013,14.510000
01/08/2013,14.080000
01/09/2013,14.160000
01/10/2013,13.270000
01/11/2013,13.790000
01/14/2013,13.780000
01/15/2013,13.760000
01/16/2013,14.490000
01/17/2013,14.900000
01/18/2013,13.800000
01/22/2013,12.710000
01/23/2013,12.460000
01/24/2013,13.030000
01/25/2013,14.080000
01/28/2013,14.390000
01/29/2013,13.590000
01/30/2013,13.210000
01/31/2013,13.760000
02/01/2013,13.320000
02/04/2013,13.780000
02/05/2013,13.030000
02/06/2013,13.570000
02/07/2013,13.590000
02/08/2013,13.140000
02/11/2013,14.380000
02/12/2013,14.060000
02/13/2013,14.700000
02/14/2013,14.720000
02/15/2013,15.900000
02/19/2013,15.750000
02/20/2013,18.590000
02/21/2013,16.900000
02/22/2013,16.260000
02/25/2013,17.480000
02/26/2013,15.610000
02/27/2013,15.570000
02/28/2013,15.790000
03/01/2013,15.750000
03/04/2013,16.030000
03/05/2013,15.470000
03/06/2013,15.050000
03/07/2013,14.840000
03/08/2013,13.540000
03/11/2013,12.960000
03/12/2013,12.070000
03/13/2013,12.240000
03/14/2013,12.590000
03/15/2013,12.430000
03/18/2013,13.300000
03/19/2013,14.520000
03/20/2013,13.330000
03/21/2013,13.370000
03/22/2013,12.890000
03/25/2013,12.990000
03/26/2013,12.480000
03/27/2013,12.330000
03/28/2013,12.410000
04/01/2013,13.130000
04/02/2013,13.730000
04/03/2013,15.210000
04/04/2013,16.030000
04/05/2013,14.460000
04/08/2013,14.220000
04/09/2013,13.540000
04/10/2013,15.150000
04/11/2013,15.290000
04/12/2013,21.320000
04/15/2013,34.480000
04/16/2013,30.020000
04/17/2013,26.930000
04/18/2013,24.570000
04/19/2013,24.370000
04/22/2013,23.280000
04/23/2013,23.680000
04/24/2013,21.490000
04/25/2013,22.350000
04/26/2013,24.210000
04/29/2013,23.160000
04/30/2013,22.090000
05/01/2013,22.930000
05/02/2013,22.060000
05/03/2013,20.370000
05/06/2013,20.370000
05/07/2013,22.070000
05/08/2013,20.640000
05/09/2013,21.620000
05/10/2013,23.950000
05/13/2013,25.040000
05/14/2013,25.060000
05/15/2013,28.010000
05/16/2013,27.180000
05/17/2013,28.340000
05/20/2013,26.660000
05/21/2013,27.180000
05/22/2013,27.610000
05/23/2013,26.080000
05/24/2013,24.900000
05/28/2013,24.860000
05/29/2013,22.760000
05/30/2013,21.430000
05/31/2013,22.630000
06/03/2013,21.680000
06/04/2013,22.320000
06/05/2013,22.650000
06/06/2013,22.330000
06/07/2013,23.580000
06/10/2013,22.680000
06/11/2013,23.270000
06/12/2013,22.040000
06/13/2013,22.690000
06/14/2013,20.910000
06/17/2013,21.270000
06/18/2013,22.700000
06/19/2013,22.530000
06/20/2013,29.940000
06/21/2013,27.190000
06/24/2013,27.690000
06/25/2013,25.860000
06/26/2013,31.430000
06/27/2013,33.510000
06/28/2013,31.840000
07/01/2013,28.840000
07/02/2013,28.190000
07/03/2013,27.250000
07/05/2013,27.150000
07/08/2013,26.790000
07/09/2013,25.680000
07/10/2013,26.240000
07/11/2013,23.850000
07/12/2013,24.070000
07/15/2013,23.530000
07/16/2013,23.200000
07/17/2013,23.610000
07/18/2013,22.520000
07/19/2013,21.190000
07/22/2013,21.760000
07/23/2013,21.660000
07/24/2013,22.610000
07/25/2013,21.770000
07/26/2013,22.220000
07/29/2013,22.770000
07/30/2013,23.720000
07/31/2013,24.990000
08/01/2013,24.610000
08/02/2013,24.240000
08/05/2013,23.490000
08/06/2013,23.820000
08/07/2013,23.490000
08/08/2013,21.710000
08/09/2013,21.500000
08/12/2013,21.580000
08/13/2013,21.370000
08/14/2013,21.210000
08/15/2013,22.450000
08/16/2013,22.970000
08/19/2013,24.250000
08/20/2013,23.820000
08/21/2013,23.280000
08/22/2013,22.690000
08/23/2013,22.630000
08/26/2013,23.670000
08/27/2013,23.900000
08/28/2013,25.890000
08/29/2013,24.360000
08/30/2013,24.440000
09/03/2013,25.200000
09/04/2013,24.610000
09/05/2013,25.640000
09/06/2013,23.590000
09/09/2013,22.040000
09/10/2013,22.580000
09/11/2013,22.630000
09/12/2013,25.090000
09/13/2013,24.880000
09/16/2013,25.120000
09/17/2013,25.350000
09/18/2013,23.200000
09/19/2013,21.750000
09/20/2013,22.270000
09/23/2013,22.700000
09/24/2013,22.840000
09/25/2013,21.970000
09/26/2013,21.790000
09/27/2013,22.570000
09/30/2013,23.720000
10/01/2013,25.480000
10/02/2013,24.040000
10/03/2013,24.540000
10/04/2013,24.770000
10/07/2013,24.810000
10/08/2013,25.440000
10/09/2013,25.810000
10/10/2013,25.360000
10/11/2013,25.830000
10/14/2013,26.450000
10/15/2013,26.070000
10/16/2013,24.720000
10/17/2013,22.310000
10/18/2013,21.430000
10/21/2013,21.520000
10/22/2013,20.750000
10/23/2013,20.520000
10/24/2013,20.670000
10/25/2013,19.900000
10/28/2013,20.320000
10/29/2013,20.650000
10/30/2013,20.810000
10/31/2013,20.570000
11/01/2013,20.680000
11/04/2013,20.300000
11/05/2013,20.190000
11/06/2013,19.430000
11/07/2013,20.010000
11/08/2013,19.370000
11/11/2013,19.150000
11/12/2013,21.200000
11/13/2013,20.460000
11/14/2013,19.440000
11/15/2013,18.030000
11/18/2013,19.520000
11/19/2013,19.450000
11/20/2013,23.040000
11/21/2013,21.300000
11/22/2013,20.330000
11/25/2013,20.020000
11/26/2013,19.680000
11/27/2013,19.750000
11/29/2013,19.330000
12/02/2013,21.430000
12/03/2013,21.090000
12/04/2013,20.820000
12/05/2013,21.780000
12/06/2013,20.500000
12/09/2013,20.650000
12/10/2013,19.630000
12/11/2013,20.020000
12/12/2013,22.240000
12/13/2013,21.870000
12/16/2013,21.910000
12/17/2013,21.790000
12/18/2013,21.390000
12/19/2013,22.070000
12/20/2013,21.010000
12/23/2013,20.760000
12/24/2013,20.080000
12/26/2013,19.840000
12/27/2013,19.100000
12/30/2013,20.750000
12/31/2013,21.650000
01/02/2014,20.420000
01/03/2014,19.190000
01/06/2014,19.500000
01/07/2014,19.120000
01/08/2014,19.430000
01/09/2014,18.460000
01/10/2014,17.270000
01/13/2014,16.670000
01/14/2014,16.500000
01/15/2014,16.430000
01/16/2014,15.390000
01/17/2014,14.340000
01/21/2014,15.970000
01/22/2014,15.620000
01/23/2014,16.010000
01/24/2014,17.540000
01/27/2014,18.380000
01/28/2014,18.710000
01/29/2014,17.450000
01/30/2014,17.970000
01/31/2014,18.620000
02/03/2014,19.150000
02/04/2014,18.510000
02/05/2014,18.520000
02/06/2014,17.930000
02/07/2014,16.590000
02/10/2014,17.080000
02/11/2014,16.810000
02/12/2014,16.230000
02/13/2014,16.130000
02/14/2014,16.260000
02/18/2014,16.280000
02/19/2014,16.480000
02/20/2014,16.070000
02/21/2014,15.730000
02/24/2014,15.940000
02/25/2014,15.860000
02/26/2014,16.460000
02/27/2014,15.750000
02/28/2014,16.070000
03/03/2014,17.050000
03/04/2014,16.750000
03/05/2014,16.580000
03/06/2014,16.310000
03/07/2014,15.820000
03/10/2014,15.830000
03/11/2014,16.140000
03/12/2014,16.670000
03/13/2014,17.300000
03/14/2014,18.320000
03/17/2014,17.870000
03/18/2014,17.370000
03/19/2014,17.590000
03/20/2014,16.910000
03/21/2014,16.430000
03/24/2014,17.530000
03/25/2014,17.160000
03/26/2014,17.320000
03/27/2014,17.600000
03/28/2014,17.480000
03/31/2014,17.370000
04/01/2014,16.650000
04/02/2014,16.190000
04/03/2014,16.010000
04/04/2014,15.810000
04/07/2014,15.950000
04/08/2014,15.990000
04/09/2014,14.830000
04/10/2014,15.060000
04/11/2014,15.190000
04/14/2014,15.340000
04/15/2014,16.100000
04/16/2014,15.440000
04/17/2014,15.960000
04/21/2014,16.220000
04/22/2014,16.190000
04/23/2014,15.610000
04/24/2014,15.860000
04/25/2014,16.070000
04/28/2014,15.560000
04/29/2014,15.310000
04/30/2014,15.520000
05/01/2014,15.150000
05/02/2014,14.850000
05/05/2014,15.510000
05/06/2014,15.020000
05/07/2014,15.400000
05/08/2014,14.870000
05/09/2014,14.760000
05/12/2014,14.040000
05/13/2014,13.610000
05/14/2014,13.760000
05/15/2014,14.570000
05/16/2014,14.040000
05/19/2014,14.230000
05/20/2014,14.070000
05/21/2014,14.360000
05/22/2014,13.980000
05/23/2014,14.520000
05/27/2014,16.210000
05/28/2014,15.800000
05/29/2014,15.010000
05/30/2014,15.340000
06/02/2014,15.550000
06/03/2014,15.050000
06/04/2014,14.790000
06/05/2014,14.150000
06/06/2014,13.220000
06/09/2014,12.770000
06/10/2014,12.370000
06/11/2014,12.360000
06/12/2014,12.910000
06/13/2014,12.520000
06/16/2014,12.410000
06/17/2014,12.530000
06/18/2014,12.110000
06/19/2014,14.480000
06/20/2014,12.790000
06/23/2014,12.930000
06/24/2014,12.960000
06/25/2014,12.920000
06/26/2014,12.760000
06/27/2014,12.640000
06/30/2014,14.010000
07/01/2014,13.740000
07/02/2014,13.890000
07/03/2014,12.990000
07/07/2014,12.990000
07/08/2014,12.830000
07/09/2014,13.050000
07/10/2014,12.910000
07/11/2014,13.270000
07/14/2014,14.230000
07/15/2014,14.730000
07/16/2014,14.670000
07/17/2014,15.520000
07/18/2014,14.350000
07/21/2014,14.690000
07/22/2014,14.620000
07/23/2014,14.070000
07/24/2014,14.330000
07/25/2014,14.680000
07/28/2014,14.550000
07/29/2014,15.050000
07/30/2014,14.850000
07/31/2014,15.460000
08/01/2014,14.370000
08/04/2014,14.170000
08/05/2014,14.760000
08/06/2014,14.510000
08/07/2014,14.820000
08/08/2014,14.850000
08/11/2014,14.490000
08/12/2014,14.350000
08/13/2014,13.530000
08/14/2014,12.550000
08/15/2014,13.330000
08/18/2014,13.460000
08/19/2014,13.430000
08/20/2014,13.510000
08/21/2014,13.840000
08/22/2014,13.460000
08/25/2014,13.550000
08/26/2014,13.240000
08/27/2014,12.720000
08/28/2014,12.900000
08/29/2014,12.850000
09/02/2014,14.050000
09/03/2014,13.440000
09/04/2014,14.010000
09/05/2014,13.270000
09/08/2014,14.470000
09/09/2014,15.360000
09/10/2014,15.890000
09/11/2014,16.420000
09/12/2014,17.860000
09/15/2014,16.500000
09/16/2014,16.580000
09/17/2014,17.140000
09/18/2014,15.500000
09/19/2014,16.900000
09/22/2014,16.440000
09/23/2014,16.650000
09/24/2014,17.210000
09/25/2014,17.990000
09/26/2014,17.840000
09/29/2014,17.170000
09/30/2014,18.830000
10/01/2014,18.730000
10/02/2014,18.200000
10/03/2014,19.130000
10/06/2014,17.600000
10/07/2014,17.560000
10/08/2014,17.500000
10/09/2014,17.860000
10/10/2014,18.110000
10/13/2014,17.690000
10/14/2014,17.980000
10/15/2014,20.040000
10/16/2014,19.680000
10/17/2014,18.080000
10/20/2014,17.270000
10/21/2014,17.010000
10/22/2014,16.580000
10/23/2014,16.910000
10/24/2014,16.240000
10/27/2014,16.490000
10/28/2014,16.300000
10/29/2014,16.750000
10/30/2014,18.080000
10/31/2014,21.540000
11/03/2014,21.100000
11/04/2014,20.100000
11/05/2014,23.380000
11/06/2014,23.180000
11/07/2014,21.380000
11/10/2014,22.230000
11/11/2014,21.430000
11/12/2014,21.290000
11/13/2014,20.980000
11/14/2014,23.360000
11/17/2014,23.370000
11/18/2014,23.970000
11/19/2014,24.260000
11/20/2014,21.500000
11/21/2014,21.230000
11/24/2014,20.640000
11/25/2014,20.670000
11/26/2014,21.240000
11/28/2014,25.170000
12/01/2014,22.330000
12/02/2014,21.290000
12/03/2014,20.620000
12/04/2014,20.290000
12/05/2014,20.020000
12/08/2014,19.620000
12/09/2014,20.040000
12/10/2014,19.270000
12/11/2014,19.110000
12/12/2014,19.660000
12/15/2014,20.950000
12/16/2014,22.080000
12/17/2014,20.900000
12/18/2014,19.280000
12/19/2014,18.680000
12/22/2014,20.260000
12/23/2014,19.760000
12/24/2014,19.370000
12/26/2014,18.920000
12/29/2014,20.150000
12/30/2014,19.480000
12/31/2014,20.080000
01/02/2015,20.230000
01/05/2015,21.260000
01/06/2015,20.780000
01/07/2015,20.350000
01/08/2015,19.200000
01/09/2015,18.440000
01/12/2015,17.650000
01/13/2015,17.630000
01/14/2015,18.520000
01/15/2015,21.830000
01/16/2015,22.660000
01/20/2015,23.430000
01/21/2015,22.340000
01/22/2015,21.250000
01/23/2015,20.620000
01/26/2015,20.040000
01/27/2015,20.160000
01/28/2015,19.310000
01/29/2015,20.250000
01/30/2015,19.650000
02/02/2015,20.330000
02/03/2015,20.300000
02/04/2015,20.360000
02/05/2015,20.060000
02/06/2015,20.590000
02/09/2015,20.300000
02/10/2015,19.710000
02/11/2015,20.070000
02/12/2015,19.310000
02/13/2015,18.490000
02/17/2015,19.610000
02/18/2015,19.540000
02/19/2015,18.620000
02/20/2015,19.260000
02/23/2015,19.400000
02/24/2015,18.770000
02/25/2015,17.400000
02/26/2015,16.650000
02/27/2015,15.910000
03/02/2015,16.380000
03/03/2015,16.760000
03/04/2015,16.660000
03/05/2015,16.900000
03/06/2015,18.430000
03/09/2015,17.580000
03/10/2015,18.970000
03/11/2015,20.010000
03/12/2015,19.070000
03/13/2015,18.900000
03/16/2015,19.140000
03/17/2015,20.830000
03/18/2015,18.650000
03/19/2015,17.250000
03/20/2015,17.210000
03/23/2015,17.260000
03/24/2015,16.840000
03/25/2015,16.380000
03/26/2015,16.020000
03/27/2015,15.830000
03/30/2015,16.640000
03/31/2015,16.340000
04/01/2015,16.040000
04/02/2015,16.010000
04/06/2015,15.740000
04/07/2015,15.200000
04/08/2015,14.790000
04/09/2015,15.000000
04/10/2015,14.230000
04/13/2015,14.790000
04/14/2015,15.180000
04/15/2015,14.600000
04/16/2015,14.540000
04/17/2015,14.470000
04/20/2015,15.390000
04/21/2015,15.040000
04/22/2015,15.790000
04/23/2015,15.870000
04/24/2015,16.390000
04/27/2015,16.420000
04/28/2015,16.190000
04/29/2015,15.950000
04/30/2015,16.760000
05/01/2015,17.290000
05/04/2015,17.620000
05/05/2015,17.150000
05/06/2015,17.530000
05/07/2015,17.910000
05/08/2015,15.840000
05/11/2015,15.940000
05/12/2015,15.630000
05/13/2015,15.930000
05/14/2015,16.210000
05/15/2015,15.480000
05/18/2015,15.810000
05/19/2015,15.880000
05/20/2015,15.250000
05/21/2015,14.620000
05/22/2015,14.190000
05/26/2015,15.220000
05/27/2015,14.080000
05/28/2015,14.510000
05/29/2015,13.990000
06/01/2015,14.880000
06/02/2015,14.860000
06/03/2015,15.150000
06/04/2015,16.010000
06/05/2015,15.120000
06/08/2015,15.140000
06/09/2015,14.830000
06/10/2015,14.370000
06/11/2015,14.300000
06/12/2015,13.990000
06/15/2015,14.340000
06/16/2015,14.360000
06/17/2015,13.580000
06/18/2015,13.530000
06/19/2015,13.260000
06/22/2015,13.850000
06/23/2015,13.890000
06/24/2015,13.830000
06/25/2015,13.120000
06/26/2015,13.220000
06/29/2015,14.500000
06/30/2015,15.340000
07/01/2015,14.860000
07/02/2015,14.420000
07/06/2015,14.250000
07/07/2015,15.230000
07/08/2015,15.780000
07/09/2015,15.470000
07/10/2015,14.420000
07/13/2015,13.430000
07/14/2015,13.250000
07/15/2015,14.350000
07/16/2015,14.050000
07/17/2015,16.320000
07/20/2015,19.730000
07/21/2015,19.560000
07/22/2015,19.590000
07/23/2015,19.390000
07/24/2015,19.270000
07/27/2015,20.060000
07/28/2015,18.400000
07/29/2015,17.220000
07/30/2015,17.070000
07/31/2015,16.790000
08/03/2015,17.580000
08/04/2015,17.240000
08/05/2015,17.740000
08/06/2015,17.250000
08/07/2015,16.590000
08/10/2015,16.410000
08/11/2015,16.530000
08/12/2015,16.800000
08/13/2015,15.840000
08/14/2015,15.590000
08/17/2015,15.400000
08/18/2015,15.840000
08/19/2015,15.960000
08/20/2015,16.870000
08/21/2015,18.480000
08/24/2015,21.260000
08/25/2015,20.200000
08/26/2015,20.030000
08/27/2015,18.740000
08/28/2015,18.800000
08/31/2015,19.340000
09/01/2015,19.650000
09/02/2015,18.650000
09/03/2015,18.570000
09/04/2015,18.620000
09/08/2015,18.310000
09/09/2015,17.800000
09/10/2015,16.890000
09/11/2015,17.380000
09/14/2015,17.630000
09/15/2015,17.690000
09/16/2015,18.050000
09/17/2015,16.630000
09/18/2015,16.460000
09/21/2015,16.590000
09/22/2015,17.350000
09/23/2015,17.340000
09/24/2015,19.260000
09/25/2015,18.330000
09/28/2015,18.280000
09/29/2015,17.670000
09/30/2015,17.470000
10/01/2015,16.900000
10/02/2015,16.710000
10/05/2015,16.680000
10/06/2015,17.540000
10/07/2015,17.130000
10/08/2015,16.910000
10/09/2015,16.920000
10/12/2015,16.240000
10/13/2015,17.140000
10/14/2015,18.350000
10/15/2015,17.900000
10/16/2015,16.590000
10/19/2015,16.940000
10/20/2015,16.790000
10/21/2015,15.900000
10/22/2015,15.590000
10/23/2015,15.590000
10/26/2015,15.780000
10/27/2015,15.300000
10/28/2015,15.630000
10/29/2015,15.770000
10/30/2015,15.390000
11/02/2015,15.280000
11/03/2015,17.190000
11/04/2015,18.020000
11/05/2015,17.820000
11/06/2015,17.360000
11/09/2015,17.550000
11/10/2015,17.360000
11/11/2015,17.890000
11/12/2015,18.470000
11/13/2015,18.290000
11/16/2015,18.500000
11/17/2015,20.170000
11/18/2015,19.400000
11/19/2015,18.040000
11/20/2015,17.260000
11/23/2015,17.700000
11/24/2015,16.720000
11/25/2015,16.390000
11/27/2015,17.160000
11/30/2015,16.910000
12/01/2015,16.620000
12/02/2015,17.360000
12/03/2015,17.760000
12/04/2015,15.960000
12/07/2015,16.230000
12/08/2015,16.120000
12/09/2015,17.390000
12/10/2015,17.070000
12/11/2015,18.160000
12/14/2015,19.050000
12/15/2015,18.090000
12/16/2015,15.410000
12/17/2015,16.060000
12/18/2015,15.060000
12/21/2015,15.320000
12/22/2015,15.170000
12/23/2015,14.940000
12/24/2015,15.020000
12/28/2015,16.060000
12/29/2015,15.220000
12/30/2015,15.250000
12/31/2015,14.990000
01/04/2016,16.070000
01/05/2016,15.200000
01/06/2016,16.300000
01/07/2016,17.420000
01/08/2016,17.620000
01/11/2016,16.430000
01/12/2016,16.610000
01/13/2016,16.990000
01/14/2016,16.160000
01/15/2016,17.420000
01/19/2016,16.170000
01/20/2016,16.560000
01/21/2016,16.770000
01/22/2016,15.910000
01/25/2016,17.130000
01/26/2016,17.260000
01/27/2016,16.710000
01/28/2016,15.410000
01/29/2016,15.730000
02/01/2016,16.810000
02/02/2016,16.200000
02/03/2016,17.840000
02/04/2016,17.390000
02/05/2016,19.580000
02/08/2016,20.380000
02/09/2016,21.720000
02/10/2016,21.360000
02/11/2016,28.370000
02/12/2016,24.100000
02/16/2016,24.840000
02/17/2016,24.530000
02/18/2016,26.370000
02/19/2016,24.880000
02/22/2016,23.310000
02/23/2016,23.690000
02/24/2016,24.240000
02/25/2016,23.360000
02/26/2016,21.670000
02/29/2016,22.590000
03/01/2016,21.970000
03/02/2016,22.000000
03/03/2016,23.510000
03/04/2016,22.310000
03/07/2016,22.080000
03/08/2016,23.070000
03/09/2016,22.310000
03/10/2016,23.140000
03/11/2016,21.900000
03/14/2016,21.140000
03/15/2016,19.700000
03/16/2016,20.030000
03/17/2016,18.990000
03/18/2016,18.150000
03/21/2016,17.400000
03/22/2016,17.620000
03/23/2016,18.000000
03/24/2016,18.090000
03/28/2016,17.530000
03/29/2016,19.520000
03/30/2016,18.580000
03/31/2016,18.450000
04/01/2016,18.040000
04/04/2016,17.950000
04/05/2016,18.160000
04/06/2016,17.820000
04/07/2016,19.320000
04/08/2016,18.740000
04/11/2016,19.580000
04/12/2016,19.090000
04/13/2016,17.960000
04/14/2016,17.830000
04/15/2016,17.410000
04/18/2016,17.300000
04/19/2016,17.420000
04/20/2016,16.690000
04/21/2016,17.900000
04/22/2016,17.210000
04/25/2016,17.660000
04/26/2016,17.430000
04/27/2016,16.430000
04/28/2016,17.900000
04/29/2016,20.230000
05/02/2016,19.290000
05/03/2016,18.700000
05/04/2016,19.470000
05/05/2016,18.460000
05/06/2016,18.650000
05/09/2016,18.650000
05/10/2016,18.040000
05/11/2016,18.350000
05/12/2016,17.840000
05/13/2016,18.290000
05/16/2016,18.490000
05/17/2016,18.170000
05/18/2016,18.200000
05/19/2016,17.850000
05/20/2016,17.000000
05/23/2016,16.800000
05/24/2016,16.660000
05/25/2016,15.980000
05/26/2016,15.290000
05/27/2016,15.390000
05/31/2016,15.830000
06/01/2016,15.920000
06/02/2016,16.050000
06/03/2016,17.450000
06/06/2016,17.760000
06/07/2016,17.290000
06/08/2016,18.760000
06/09/2016,20.280000
06/10/2016,20.520000
06/13/2016,21.110000
06/14/2016,20.630000
06/15/2016,20.680000
06/16/2016,21.950000
06/17/2016,22.520000
06/20/2016,21.010000
06/21/2016,20.650000
06/22/2016,22.250000
06/23/2016,20.100000
06/24/2016,22.200000
06/27/2016,22.520000
06/28/2016,20.180000
06/29/2016,19.260000
06/30/2016,18.500000
07/01/2016,18.430000
07/05/2016,20.090000
07/06/2016,21.180000
07/07/2016,20.550000
07/08/2016,18.790000
07/11/2016,18.930000
07/12/2016,17.940000
07/13/2016,17.610000
07/14/2016,17.150000
07/15/2016,16.910000
07/18/2016,16.960000
07/19/2016,16.710000
07/20/2016,17.210000
07/21/2016,17.770000
07/22/2016,17.610000
07/25/2016,17.740000
07/26/2016,17.450000
07/27/2016,16.930000
07/28/2016,16.310000
07/29/2016,15.800000
08/01/2016,16.280000
08/02/2016,16.450000
08/03/2016,16.180000
08/04/2016,16.060000
08/05/2016,15.600000
08/08/2016,15.490000
08/09/2016,14.410000
08/10/2016,14.890000
08/11/2016,15.370000
08/12/2016,15.010000
08/15/2016,14.670000
08/16/2016,16.130000
08/17/2016,15.830000
08/18/2016,14.970000
08/19/2016,15.350000
08/22/2016,15.820000
08/23/2016,15.620000
08/24/2016,16.890000
08/25/2016,16.730000
08/26/2016,16.170000
08/29/2016,15.950000
08/30/2016,15.990000
08/31/2016,16.010000
09/01/2016,16.250000
09/02/2016,14.580000
09/06/2016,15.600000
09/07/2016,15.000000
09/08/2016,14.970000
09/09/2016,15.490000
09/12/2016,15.200000
09/13/2016,15.780000
09/14/2016,15.320000
09/15/2016,15.070000
09/16/2016,14.780000
09/19/2016,15.680000
09/20/2016,15.690000
09/21/2016,14.690000
09/22/2016,13.730000
09/23/2016,13.930000
09/26/2016,14.980000
09/27/2016,14.530000
09/28/2016,13.980000
09/29/2016,13.860000
09/30/2016,13.880000
10/03/2016,14.160000
10/04/2016,15.800000
10/05/2016,15.210000
10/06/2016,16.050000
10/07/2016,15.720000
10/10/2016,15.600000
10/11/2016,15.630000
10/12/2016,15.610000
10/13/2016,15.630000
10/14/2016,15.140000
10/17/2016,15.230000
10/18/2016,14.730000
10/19/2016,14.590000
10/20/2016,14.680000
10/21/2016,14.550000
10/24/2016,14.950000
10/25/2016,14.550000
10/26/2016,14.480000
10/27/2016,15.000000
10/28/2016,16.620000
10/31/2016,18.130000
11/01/2016,19.020000
11/02/2016,19.320000
11/03/2016,19.980000
11/04/2016,20.220000
11/07/2016,18.530000
11/08/2016,17.930000
11/09/2016,16.680000
11/10/2016,18.520000
11/11/2016,23.250000
11/14/2016,20.500000
11/15/2016,16.420000
11/16/2016,15.770000
11/17/2016,17.500000
11/18/2016,17.030000
11/21/2016,15.860000
11/22/2016,15.430000
11/23/2016,18.530000
11/25/2016,18.470000
11/28/2016,17.390000
11/29/2016,17.280000
11/30/2016,19.180000
12/01/2016,19.390000
12/02/2016,18.440000
12/05/2016,17.560000
12/06/2016,17.060000
12/07/2016,16.870000
12/08/2016,16.480000
12/09/2016,18.660000
12/12/2016,16.970000
12/13/2016,16.170000
12/14/2016,18.210000
12/15/2016,17.890000
12/16/2016,17.550000
12/19/2016,16.050000
12/20/2016,16.690000
12/21/2016,15.820000
12/22/2016,15.280000
12/23/2016,16.360000
12/27/2016,16.680000
12/28/2016,16.040000
12/29/2016,15.680000
12/30/2016,16.230000
01/03/2017,16.260000
01/04/2017,15.160000
01/05/2017,14.980000
01/06/2017,14.550000
01/09/2017,14.380000
01/10/2017,14.320000
01/11/2017,14.960000
01/12/2017,14.600000
01/13/2017,14.630000
01/17/2017,15.670000
01/18/2017,15.250000
01/19/2017,15.110000
01/20/2017,14.380000
01/23/2017,15.150000
01/24/2017,14.650000
01/25/2017,14.470000
01/26/2017,14.740000
01/27/2017,14.340000
01/30/2017,15.190000
01/31/2017,15.270000
02/01/2017,14.800000
02/02/2017,15.040000
02/03/2017,15.040000
02/06/2017,15.740000
02/07/2017,15.260000
02/08/2017,15.200000
02/09/2017,14.880000
02/10/2017,14.880000
02/13/2017,14.610000
02/14/2017,14.210000
02/15/2017,13.710000
02/16/2017,13.750000
02/17/2017,13.270000
02/21/2017,13.720000
02/22/2017,13.260000
02/23/2017,13.680000
02/24/2017,13.540000
02/27/2017,14.440000
02/28/2017,14.300000
03/01/2017,14.410000
03/02/2017,13.890000
03/03/2017,13.660000
03/06/2017,13.240000
03/07/2017,13.220000
03/08/2017,13.580000
03/09/2017,13.620000
03/10/2017,13.030000
03/13/2017,11.270000
03/14/2017,11.570000
03/15/2017,11.230000
03/16/2017,11.120000
03/17/2017,10.800000
03/20/2017,11.350000
03/21/2017,12.130000
03/22/2017,12.280000
03/23/2017,12.580000
03/24/2017,12.060000
03/27/2017,12.510000
03/28/2017,12.350000
03/29/2017,11.650000
03/30/2017,12.090000
03/31/2017,12.410000
04/03/2017,12.610000
04/04/2017,12.410000
04/05/2017,13.230000
04/06/2017,12.850000
04/07/2017,13.450000
04/10/2017,13.750000
04/11/2017,15.200000
04/12/2017,16.080000
04/13/2017,16.200000
04/17/2017,16.200000
04/18/2017,15.670000
04/19/2017,14.500000
04/20/2017,14.540000
04/21/2017,15.310000
04/24/2017,12.290000
04/25/2017,12.450000
04/26/2017,12.020000
04/27/2017,11.530000
04/28/2017,11.600000
05/01/2017,12.350000
05/02/2017,12.380000
05/03/2017,12.540000
05/04/2017,12.410000
05/05/2017,12.010000
05/08/2017,11.950000
05/09/2017,12.100000
05/10/2017,11.200000
05/11/2017,11.240000
05/12/2017,11.130000
05/15/2017,11.280000
05/16/2017,11.190000
05/17/2017,13.030000
05/18/2017,12.950000
05/19/2017,12.040000
05/22/2017,12.320000
05/23/2017,11.890000
05/24/2017,11.750000
05/25/2017,11.200000
05/26/2017,11.590000
05/30/2017,11.620000
05/31/2017,11.820000
06/01/2017,11.810000
06/02/2017,12.090000
06/05/2017,12.440000
06/06/2017,13.230000
06/07/2017,13.160000
06/08/2017,12.620000
06/09/2017,12.500000
06/12/2017,12.410000
06/13/2017,12.160000
06/14/2017,11.500000
06/15/2017,11.030000
06/16/2017,10.160000
06/19/2017,10.690000
06/20/2017,11.140000
06/21/2017,11.250000
06/22/2017,11.240000
06/23/2017,10.860000
06/26/2017,11.050000
06/27/2017,11.960000
06/28/2017,11.380000
06/29/2017,11.210000
06/30/2017,11.000000
07/03/2017,11.930000
07/05/2017,11.880000
07/06/2017,11.720000
07/07/2017,12.540000
07/10/2017,12.220000
07/11/2017,12.300000
07/12/2017,11.560000
07/13/2017,11.290000
07/14/2017,11.110000
07/17/2017,11.080000
07/18/2017,11.140000
07/19/2017,11.080000
07/20/2017,10.850000
07/21/2017,11.220000
07/24/2017,11.800000
07/25/2017,12.070000
07/26/2017,11.630000
07/27/2017,11.240000
07/28/2017,11.440000
07/31/2017,11.610000
08/01/2017,11.280000
08/02/2017,11.240000
08/03/2017,11.310000
08/04/2017,10.870000
08/07/2017,10.730000
08/08/2017,11.100000
08/09/2017,12.310000
08/10/2017,13.430000
08/11/2017,13.450000
08/14/2017,12.110000
08/15/2017,12.200000
08/16/2017,12.580000
08/17/2017,13.340000
08/18/2017,12.120000
08/21/2017,13.010000
08/22/2017,12.490000
08/23/2017,12.680000
08/24/2017,12.760000
08/25/2017,12.630000
08/28/2017,14.200000
08/29/2017,13.500000
08/30/2017,12.780000
08/31/2017,13.260000
09/01/2017,12.730000
09/05/2017,14.300000
09/06/2017,14.170000
09/07/2017,14.490000
09/08/2017,13.770000
09/11/2017,13.280000
09/12/2017,11.560000
09/13/2017,11.980000
09/14/2017,12.190000
09/15/2017,12.060000
09/18/2017,12.690000
09/19/2017,12.270000
09/20/2017,12.320000
09/21/2017,12.190000
09/22/2017,12.370000
09/25/2017,13.770000
09/26/2017,13.320000
09/27/2017,12.990000
09/28/2017,11.750000
09/29/2017,11.770000
10/02/2017,11.720000
10/03/2017,11.380000
10/04/2017,11.410000
10/05/2017,11.400000
10/06/2017,11.530000
10/09/2017,11.960000
10/10/2017,12.220000
10/11/2017,12.130000
10/12/2017,11.820000
10/13/2017,11.760000
10/16/2017,12.130000
10/17/2017,11.640000
10/18/2017,11.880000
10/19/2017,11.940000
10/20/2017,11.490000
10/23/2017,11.690000
10/24/2017,11.730000
10/25/2017,12.020000
10/26/2017,11.620000
10/27/2017,11.480000
10/30/2017,11.740000
10/31/2017,11.810000
11/01/2017,11.800000
11/02/2017,10.950000
11/03/2017,10.650000
11/06/2017,10.940000
11/07/2017,10.980000
11/08/2017,11.320000
11/09/2017,11.730000
11/10/2017,11.680000
11/13/2017,11.530000
11/14/2017,11.610000
11/15/2017,11.750000
11/16/2017,11.020000
11/17/2017,10.620000
11/20/2017,11.180000
11/21/2017,10.840000
11/22/2017,10.750000
11/24/2017,10.580000
11/27/2017,10.720000
11/28/2017,10.640000
11/29/2017,11.020000
11/30/2017,11.790000
12/01/2017,11.390000
12/04/2017,11.380000
12/05/2017,12.280000
12/06/2017,11.670000
12/07/2017,12.990000
12/08/2017,11.700000
12/11/2017,11.460000
12/12/2017,12.140000
12/13/2017,10.870000
12/14/2017,10.400000
12/15/2017,9.430000
12/18/2017,9.930000
12/19/2017,10.320000
12/20/2017,9.790000
12/21/2017,9.640000
12/22/2017,10.010000
12/26/2017,11.170000
12/27/2017,10.730000
12/28/2017,10.430000
12/29/2017,10.960000
01/02/2018,11.960000
01/03/2018,11.560000
01/04/2018,11.800000
01/05/2018,11.260000
01/08/2018,11.190000
01/09/2018,10.790000
01/10/2018,10.790000
01/11/2018,10.960000
01/12/2018,11.620000
01/16/2018,12.090000
01/17/2018,11.770000
01/18/2018,12.260000
01/19/2018,11.430000
01/22/2018,11.660000
01/23/2018,11.720000
01/24/2018,13.380000
01/25/2018,13.040000
01/26/2018,12.980000
01/29/2018,13.250000
01/30/2018,13.860000
01/31/2018,12.970000
02/01/2018,12.320000
02/02/2018,13.110000
02/05/2018,14.350000
02/06/2018,13.800000
02/07/2018,13.620000
02/08/2018,14.850000
02/09/2018,14.930000
02/12/2018,14.370000
02/13/2018,14.070000
02/14/2018,14.970000
02/15/2018,15.030000
02/16/2018,13.960000
02/20/2018,14.080000
02/21/2018,13.830000
02/22/2018,13.470000
02/23/2018,11.970000
02/26/2018,11.890000
02/27/2018,11.760000
02/28/2018,11.740000
03/01/2018,12.070000
03/02/2018,11.970000
03/05/2018,11.890000
03/06/2018,12.330000
03/07/2018,12.370000
03/08/2018,11.570000
03/09/2018,10.940000
03/12/2018,11.010000
03/13/2018,10.700000
03/14/2018,10.410000
03/15/2018,10.400000
03/16/2018,9.880000
03/19/2018,10.990000
03/20/2018,11.010000
03/21/2018,10.910000
03/22/2018,11.240000
03/23/2018,13.460000
03/26/2018,12.950000
03/27/2018,12.220000
03/28/2018,11.740000
03/29/2018,11.060000
04/02/2018,12.860000
04/03/2018,11.800000
04/04/2018,12.000000
04/05/2018,11.550000
04/06/2018,11.950000
04/09/2018,12.390000
04/10/2018,12.780000
04/11/2018,14.360000
04/12/2018,12.880000
04/13/2018,13.360000
04/16/2018,13.430000
04/17/2018,13.070000
04/18/2018,13.460000
04/19/2018,12.880000
04/20/2018,12.140000
04/23/2018,12.130000
04/24/2018,12.240000
04/25/2018,11.970000
04/26/2018,11.490000
04/27/2018,10.990000
04/30/2018,11.150000
05/01/2018,11.880000
05/02/2018,11.640000
05/03/2018,11.460000
05/04/2018,10.990000
05/07/2018,11.320000
05/08/2018,11.500000
05/09/2018,11.390000
05/10/2018,11.420000
05/11/2018,11.040000
05/14/2018,11.150000
05/15/2018,11.910000
05/16/2018,11.770000
05/17/2018,11.640000
05/18/2018,11.110000
05/21/2018,11.620000
05/22/2018,10.900000
05/23/2018,11.180000
05/24/2018,10.990000
05/25/2018,10.310000
05/29/2018,12.330000
05/30/2018,10.870000
05/31/2018,10.920000
06/01/2018,10.580000
06/04/2018,10.540000
06/05/2018,10.460000
06/06/2018,10.310000
06/07/2018,10.550000
06/08/2018,10.690000
06/11/2018,10.540000
06/12/2018,10.520000
06/13/2018,10.600000
06/14/2018,9.830000
06/15/2018,10.650000
06/18/2018,9.820000
06/19/2018,10.990000
06/20/2018,11.080000
06/21/2018,11.220000
06/22/2018,10.670000
06/25/2018,10.830000
06/26/2018,10.970000
06/27/2018,11.010000
06/28/2018,11.030000
06/29/2018,10.750000
07/02/2018,11.750000
07/03/2018,11.410000
07/05/2018,11.320000
07/06/2018,10.650000
07/09/2018,10.550000
07/10/2018,10.690000
07/11/2018,11.250000
07/12/2018,10.820000
07/13/2018,10.990000
07/16/2018,11.460000
07/17/2018,11.790000
07/18/2018,12.150000
07/19/2018,12.660000
07/20/2018,12.100000
07/23/2018,12.220000
07/24/2018,11.740000
07/25/2018,11.650000
07/26/2018,11.430000
07/27/2018,11.050000
07/30/2018,11.180000
07/31/2018,11.210000
08/01/2018,10.910000
08/02/2018,11.080000
08/03/2018,10.770000
08/06/2018,11.020000
08/07/2018,11.110000
08/08/2018,11.430000
08/09/2018,10.990000
08/10/2018,11.780000
08/13/2018,11.730000
08/14/2018,11.880000
08/15/2018,13.160000
08/16/2018,13.390000
08/17/2018,12.890000
08/20/2018,12.400000
08/21/2018,11.860000
08/22/2018,11.810000
08/23/2018,11.600000
08/24/2018,11.710000
08/27/2018,11.770000
08/28/2018,11.460000
08/29/2018,11.250000
08/30/2018,11.410000
08/31/2018,10.960000
09/04/2018,11.420000
09/05/2018,11.240000
09/06/2018,11.540000
09/07/2018,11.300000
09/10/2018,11.330000
09/11/2018,11.260000
09/12/2018,11.180000
09/13/2018,11.150000
09/14/2018,10.840000
09/17/2018,10.850000
09/18/2018,10.780000
09/19/2018,10.810000
09/20/2018,10.720000
09/21/2018,10.760000
09/24/2018,10.970000
09/25/2018,10.830000
09/26/2018,10.760000
09/27/2018,10.860000
09/28/2018,10.740000
10/01/2018,11.030000
10/02/2018,11.240000
10/03/2018,11.210000
10/04/2018,11.590000
10/05/2018,11.640000
10/08/2018,12.480000
10/09/2018,12.030000
10/10/2018,12.510000
10/11/2018,13.570000
10/12/2018,12.760000
10/15/2018,13.130000
10/16/2018,12.200000
10/17/2018,12.140000
10/18/2018,12.230000
10/19/2018,11.760000
10/22/2018,11.680000
10/23/2018,12.310000
10/24/2018,13.110000
10/25/2018,12.300000
10/26/2018,12.920000
10/29/2018,12.980000
10/30/2018,12.300000
10/31/2018,12.080000
11/01/2018,12.600000
11/02/2018,12.500000
11/05/2018,12.390000
11/06/2018,12.470000
11/07/2018,11.230000
11/08/2018,11.410000
11/09/2018,11.440000
11/12/2018,12.130000
11/13/2018,12.190000
11/14/2018,12.880000
11/15/2018,12.120000
11/16/2018,12.050000
11/19/2018,12.570000
11/20/2018,12.630000
11/21/2018,12.120000
11/23/2018,12.100000
11/26/2018,11.830000
11/27/2018,12.010000
11/28/2018,11.430000
11/29/2018,11.390000
11/30/2018,11.260000
12/04/2018,11.630000
12/06/2018,11.610000
12/07/2018,12.220000
12/10/2018,12.040000
12/11/2018,11.460000
12/12/2018,11.290000
12/13/2018,10.690000
12/14/2018,10.770000
12/17/2018,11.750000
12/18/2018,12.180000
12/19/2018,11.400000
12/20/2018,12.450000
12/21/2018,11.970000
12/24/2018,14.800000
12/26/2018,14.470000
12/27/2018,15.180000
12/28/2018,14.560000
12/31/2018,13.480000
01/02/2019,13.180000
01/03/2019,13.770000
01/04/2019,12.040000
01/07/2019,11.660000
01/08/2019,11.160000
01/09/2019,11.690000
01/10/2019,10.950000
01/11/2019,11.000000
01/14/2019,11.060000
01/15/2019,11.060000
01/16/2019,11.080000
01/17/2019,10.900000
01/18/2019,11.120000
01/22/2019,10.770000
01/23/2019,10.610000
01/24/2019,10.370000
01/25/2019,11.120000
01/28/2019,11.040000
01/29/2019,11.250000
01/30/2019,11.140000
01/31/2019,10.740000
02/01/2019,10.120000
02/04/2019,10.110000
02/05/2019,10.140000
02/06/2019,9.760000
02/07/2019,9.720000
02/08/2019,9.890000
02/11/2019,10.180000
02/12/2019,10.030000
02/13/2019,9.550000
02/14/2019,9.920000
02/15/2019,10.160000
02/19/2019,11.390000
02/21/2019,10.290000
02/22/2019,10.020000
02/25/2019,9.910000
02/26/2019,9.860000
02/27/2019,9.720000
02/28/2019,9.520000
03/01/2019,10.200000
03/04/2019,10.260000
03/05/2019,10.100000
03/06/2019,10.130000
03/07/2019,10.360000
03/08/2019,10.510000
03/11/2019,10.180000
03/12/2019,10.080000
03/13/2019,10.140000
03/14/2019,10.080000
03/15/2019,10.010000
03/18/2019,9.790000
03/19/2019,9.820000
03/20/2019,10.150000
03/21/2019,10.200000
03/22/2019,10.310000
03/25/2019,10.770000
03/26/2019,10.180000
03/27/2019,10.360000
03/28/2019,10.350000
03/29/2019,9.940000
04/01/2019,10.130000
04/02/2019,9.810000
04/03/2019,9.690000
04/04/2019,9.920000
04/05/2019,9.650000
04/08/2019,9.710000
04/09/2019,9.550000
04/10/2019,9.450000
04/11/2019,9.590000
04/12/2019,9.280000
04/15/2019,9.570000
04/16/2019,9.780000
04/17/2019,9.390000
04/18/2019,8.960000
04/22/2019,9.560000
04/23/2019,9.540000
04/24/2019,9.480000
04/25/2019,9.350000
04/26/2019,9.280000
04/29/2019,9.460000
04/30/2019,9.320000
05/01/2019,9.190000
05/02/2019,9.080000
05/03/2019,8.890000
05/06/2019,9.260000
05/07/2019,9.740000
05/08/2019,9.780000
05/09/2019,9.960000
05/10/2019,9.330000
05/13/2019,10.510000
05/14/2019,9.760000
05/15/2019,9.450000
05/16/2019,9.160000
05/17/2019,9.160000
05/20/2019,9.160000
05/21/2019,8.990000
05/22/2019,9.040000
05/23/2019,9.470000
05/24/2019,9.000000
05/28/2019,9.200000
05/29/2019,8.880000
05/30/2019,9.300000
05/31/2019,10.330000
06/03/2019,11.790000
06/04/2019,10.660000
06/05/2019,11.260000
06/06/2019,11.620000
06/07/2019,11.410000
06/10/2019,10.870000
06/11/2019,10.520000
06/12/2019,11.060000
06/13/2019,11.680000
06/14/2019,11.900000
06/17/2019,11.990000
06/18/2019,12.400000
06/19/2019,12.410000
06/20/2019,15.690000
06/21/2019,15.540000
06/24/2019,16.800000
06/25/2019,17.080000
06/26/2019,15.880000
06/27/2019,15.570000
06/28/2019,15.990000
07/01/2019,14.080000
07/02/2019,15.800000
07/03/2019,15.890000
07/08/2019,12.990000
07/09/2019,13.450000
07/10/2019,15.010000
07/11/2019,13.640000
07/12/2019,14.650000
07/15/2019,14.900000
07/16/2019,14.320000
07/17/2019,16.020000
07/18/2019,17.450000
07/19/2019,15.830000
07/22/2019,14.890000
07/23/2019,14.280000
07/24/2019,14.550000
07/25/2019,13.540000
07/26/2019,12.310000
07/29/2019,13.590000
07/30/2019,14.510000
07/31/2019,13.210000
08/01/2019,16.010000
08/02/2019,15.000000
08/05/2019,16.910000
08/06/2019,16.020000
08/07/2019,18.160000
08/08/2019,17.530000
08/09/2019,16.640000
08/12/2019,18.460000
08/13/2019,17.920000
08/14/2019,18.190000
08/15/2019,18.720000
08/16/2019,16.860000
08/19/2019,14.940000
08/20/2019,15.420000
08/21/2019,15.130000
08/22/2019,15.350000
08/23/2019,18.360000
08/26/2019,17.540000
08/27/2019,17.340000
08/28/2019,16.830000
08/29/2019,16.310000
08/30/2019,15.450000
09/03/2019,16.860000
09/04/2019,17.270000
09/05/2019,15.720000
09/06/2019,14.750000
09/09/2019,14.760000
09/10/2019,14.620000
09/11/2019,14.950000
09/12/2019,15.070000
09/13/2019,14.940000
09/16/2019,16.070000
09/17/2019,15.910000
09/18/2019,15.100000
09/19/2019,15.130000
09/20/2019,16.790000
09/23/2019,16.920000
09/24/2019,17.220000
09/25/2019,15.620000
09/26/2019,15.110000
09/27/2019,14.960000
09/30/2019,15.370000
10/01/2019,15.610000
10/02/2019,15.750000
10/03/2019,16.330000
10/04/2019,15.260000
10/07/2019,15.440000
10/08/2019,16.210000
10/09/2019,15.730000
10/10/2019,15.700000
10/11/2019,15.720000
10/14/2019,15.650000
10/15/2019,15.080000
10/16/2019,14.940000
10/17/2019,14.840000
10/18/2019,14.850000
10/21/2019,14.050000
10/22/2019,13.670000
10/23/2019,13.230000
10/24/2019,13.970000
10/25/2019,13.480000
10/28/2019,13.780000
10/29/2019,13.460000
10/30/2019,13.170000
10/31/2019,13.390000
11/01/2019,12.860000
11/04/2019,12.450000
11/05/2019,12.430000
11/06/2019,12.040000
11/07/2019,12.350000
11/08/2019,12.270000
11/11/2019,12.870000
11/12/2019,11.910000
11/13/2019,11.560000
11/14/2019,11.830000
11/15/2019,11.230000
11/18/2019,11.550000
11/19/2019,11.500000
11/20/2019,11.550000
11/21/2019,11.370000
11/22/2019,11.320000
11/25/2019,11.150000
11/26/2019,10.760000
11/27/2019,10.300000
11/29/2019,10.710000
12/02/2019,10.770000
12/03/2019,12.150000
12/04/2019,11.570000
12/05/2019,11.250000
12/06/2019,10.730000
12/09/2019,10.750000
12/10/2019,10.330000
12/11/2019,10.810000
12/12/2019,10.950000
12/13/2019,10.390000
12/16/2019,10.390000
12/17/2019,10.030000
12/18/2019,10.040000
12/19/2019,10.390000
12/20/2019,9.690000
12/23/2019,10.560000
12/24/2019,11.930000
12/26/2019,13.330000
12/27/2019,12.320000
12/30/2019,12.560000
12/31/2019,12.630000
01/02/2020,12.700000
01/03/2020,13.460000
01/06/2020,14.210000
01/07/2020,14.010000
01/08/2020,13.670000
01/09/2020,12.540000
01/10/2020,12.270000
01/13/2020,10.910000
01/14/2020,11.020000
01/15/2020,11.750000
01/16/2020,11.380000
01/17/2020,11.310000
01/21/2020,11.480000
01/22/2020,11.160000
01/23/2020,11.610000
01/24/2020,12.480000
01/27/2020,12.900000
01/28/2020,11.890000
01/29/2020,12.090000
01/30/2020,12.230000
01/31/2020,13.500000
02/03/2020,12.480000
02/04/2020,12.010000
02/05/2020,11.320000
02/06/2020,11.450000
02/07/2020,11.300000
02/10/2020,11.910000
02/11/2020,11.480000
02/12/2020,11.070000
02/13/2020,11.590000
02/14/2020,11.620000
02/18/2020,13.020000
02/19/2020,13.340000
02/20/2020,13.350000
02/21/2020,15.790000
02/24/2020,17.580000
02/25/2020,18.130000
02/26/2020,16.480000
02/27/2020,18.050000
02/28/2020,21.270000
03/02/2020,18.980000
03/03/2020,22.010000
03/04/2020,18.550000
03/05/2020,22.430000
03/06/2020,25.120000
03/09/2020,31.290000
03/10/2020,23.990000
03/11/2020,26.740000
03/12/2020,30.180000
03/13/2020,37.430000
03/16/2020,41.430000
03/17/2020,45.270000
03/18/2020,48.980000
03/19/2020,39.480000
03/20/2020,36.810000
03/23/2020,41.160000
03/24/2020,40.410000
03/25/2020,40.560000
03/26/2020,37.480000
03/27/2020,34.890000
03/30/2020,30.420000
03/31/2020,29.190000
04/01/2020,30.260000
04/02/2020,31.910000
04/03/2020,31.850000
04/06/2020,35.760000
04/07/2020,34.270000
04/08/2020,29.980000
04/09/2020,27.590000
04/13/2020,28.410000
04/14/2020,28.870000
04/15/2020,27.390000
04/16/2020,27.740000
04/17/2020,26.960000
04/20/2020,28.010000
04/21/2020,30.620000
04/22/2020,30.440000
04/23/2020,30.250000
04/24/2020,29.220000
04/27/2020,26.750000
04/28/2020,24.430000
04/29/2020,24.160000
04/30/2020,24.240000
05/01/2020,24.250000
05/04/2020,23.680000
05/05/2020,24.970000
05/06/2020,24.470000
05/07/2020,26.150000
05/08/2020,24.890000
05/11/2020,23.550000
05/12/2020,22.450000
05/13/2020,22.710000
05/14/2020,24.150000
05/15/2020,23.630000
05/18/2020,22.810000
05/19/2020,21.330000
05/20/2020,20.120000
05/21/2020,19.740000
05/22/2020,18.950000
05/26/2020,18.570000
05/27/2020,18.510000
05/28/2020,18.100000
05/29/2020,18.150000
06/01/2020,18.060000
06/02/2020,18.100000
06/03/2020,18.470000
06/04/2020,18.050000
06/05/2020,18.170000
06/08/2020,17.940000
06/09/2020,19.000000
06/10/2020,20.750000
06/11/2020,23.040000
06/12/2020,20.390000
06/15/2020,20.110000
06/16/2020,19.290000
06/17/2020,18.880000
06/18/2020,18.310000
06/19/2020,18.270000
06/22/2020,19.550000
06/23/2020,20.510000
06/24/2020,20.010000
06/25/2020,19.730000
06/26/2020,20.520000
06/29/2020,19.260000
06/30/2020,19.650000
07/01/2020,18.850000
07/02/2020,17.700000
07/06/2020,17.420000
07/07/2020,17.370000
07/08/2020,17.740000
07/09/2020,17.390000
07/10/2020,16.640000
07/13/2020,16.530000
07/14/2020,16.000000
07/15/2020,15.360000
07/16/2020,15.370000
07/17/2020,15.090000
07/20/2020,15.300000
07/21/2020,16.670000
07/22/2020,22.450000
07/23/2020,21.990000
07/24/2020,21.610000
07/27/2020,25.520000
07/28/2020,28.960000
07/29/2020,26.790000
07/30/2020,24.130000
07/31/2020,24.460000
08/03/2020,23.560000
08/04/2020,26.300000
08/05/2020,25.690000
08/06/2020,27.360000
08/07/2020,26.220000
08/10/2020,23.890000
08/11/2020,27.480000
08/12/2020,25.850000
08/13/2020,25.820000
08/14/2020,23.530000
08/17/2020,26.350000
08/18/2020,26.460000
08/19/2020,28.150000
08/20/2020,25.910000
08/21/2020,25.960000
08/24/2020,23.860000
08/25/2020,22.760000
08/26/2020,24.790000
08/27/2020,23.080000
08/28/2020,23.190000
08/31/2020,24.320000
09/01/2020,23.000000
09/02/2020,23.570000
09/03/2020,23.680000
09/04/2020,21.980000
09/08/2020,22.490000
09/09/2020,21.660000
09/10/2020,21.260000
09/11/2020,20.200000
09/14/2020,20.910000
09/15/2020,20.320000
09/16/2020,20.080000
09/17/2020,19.950000
09/18/2020,20.220000
09/21/2020,21.600000
09/22/2020,21.630000
09/23/2020,23.430000
09/24/2020,23.410000
09/25/2020,22.090000
09/28/2020,22.010000
09/29/2020,23.280000
09/30/2020,22.070000
10/01/2020,22.390000
10/02/2020,22.590000
10/05/2020,22.130000
10/06/2020,22.790000
10/07/2020,23.280000
10/08/2020,21.960000
10/09/2020,22.440000
10/12/2020,22.660000
10/13/2020,23.170000
10/14/2020,21.880000
10/15/2020,21.730000
10/19/2020,21.330000
10/20/2020,21.540000
10/21/2020,22.660000
10/22/2020,21.380000
10/23/2020,21.040000
10/26/2020,20.930000
10/27/2020,20.410000
10/28/2020,21.930000
10/29/2020,21.900000
10/30/2020,23.260000
11/02/2020,23.740000
11/03/2020,23.320000
11/04/2020,20.490000
11/05/2020,22.000000
11/06/2020,21.100000
11/09/2020,21.860000
11/10/2020,20.460000
11/11/2020,19.140000
11/12/2020,18.980000
11/13/2020,17.740000
11/16/2020,18.310000
11/17/2020,17.540000
11/18/2020,17.670000
11/19/2020,17.960000
11/20/2020,17.720000
11/23/2020,18.980000
11/24/2020,20.090000
11/25/2020,19.750000
11/27/2020,19.090000
11/30/2020,19.690000
12/01/2020,19.610000
12/02/2020,19.420000
12/03/2020,19.610000
12/04/2020,18.950000
12/07/2020,19.790000
12/08/2020,19.860000
12/09/2020,20.260000
12/10/2020,19.660000
12/11/2020,19.240000
12/14/2020,19.430000
12/15/2020,19.750000
12/16/2020,19.390000
12/17/2020,20.100000
12/18/2020,19.580000
12/21/2020,19.800000
12/22/2020,19.500000
12/23/2020,18.870000
12/24/2020,18.990000
12/28/2020,20.200000
12/29/2020,19.530000
12/30/2020,20.060000
12/31/2020,20.790000
01/04/2021,21.860000
01/05/2021,22.140000
01/06/2021,21.700000
01/07/2021,20.660000
01/08/2021,22.160000
01/11/2021,20.650000
01/12/2021,20.010000
01/13/2021,18.800000
01/14/2021,19.210000
01/15/2021,19.040000
01/19/2021,18.870000
01/20/2021,18.950000
01/21/2021,18.850000
01/22/2021,18.420000
01/25/2021,18.510000
01/26/2021,17.880000
01/27/2021,18.470000
01/28/2021,19.380000
01/29/2021,20.640000
02/01/2021,21.810000
02/02/2021,19.610000
02/03/2021,18.450000
02/04/2021,19.300000
02/05/2021,18.700000
02/08/2021,18.450000
02/09/2021,18.350000
02/10/2021,18.570000
02/11/2021,18.310000
02/12/2021,18.080000
02/16/2021,19.570000
02/17/2021,20.490000
02/18/2021,19.660000
02/19/2021,19.260000
02/22/2021,19.120000
02/23/2021,18.300000
02/24/2021,18.310000
02/25/2021,21.260000
02/26/2021,21.080000
03/01/2021,21.330000
03/02/2021,20.060000
03/03/2021,20.930000
03/04/2021,21.610000
03/05/2021,20.210000
03/08/2021,20.640000
03/09/2021,19.540000
03/10/2021,18.550000
03/11/2021,18.210000
03/12/2021,18.360000
03/15/2021,17.860000
03/16/2021,17.930000
03/17/2021,17.240000
03/18/2021,17.790000
03/19/2021,16.570000
03/22/2021,16.470000
03/23/2021,16.690000
03/24/2021,15.700000
03/25/2021,15.580000
03/26/2021,15.480000
03/29/2021,17.230000
03/30/2021,18.300000
03/31/2021,17.070000
04/01/2021,16.740000
04/02/2021,16.740000
04/05/2021,17.080000
04/06/2021,16.760000
04/07/2021,16.110000
04/08/2021,15.720000
04/09/2021,15.300000
04/12/2021,14.880000
04/13/2021,14.260000
04/14/2021,14.690000
04/15/2021,15.360000
04/16/2021,15.320000
04/19/2021,16.010000
04/20/2021,15.590000
04/21/2021,16.410000
04/22/2021,16.050000
04/23/2021,15.740000
04/26/2021,15.510000
04/27/2021,14.770000
04/28/2021,14.790000
04/29/2021,14.540000
04/30/2021,14.580000
05/03/2021,15.650000
05/04/2021,15.910000
05/05/2021,15.700000
05/06/2021,16.570000
05/07/2021,16.460000
05/10/2021,17.190000
05/11/2021,17.170000
05/12/2021,17.560000
05/13/2021,17.100000
05/14/2021,16.750000
05/17/2021,17.620000
05/18/2021,17.000000
05/19/2021,17.790000
05/20/2021,17.290000
05/21/2021,16.470000
05/24/2021,16.910000
05/25/2021,17.090000
05/26/2021,16.810000
05/27/2021,16.150000
05/28/2021,16.080000
06/01/2021,16.090000
06/02/2021,15.650000
06/03/2021,15.950000
06/04/2021,15.830000
06/07/2021,15.570000
06/08/2021,15.590000
06/09/2021,15.430000
06/10/2021,15.500000
06/11/2021,15.210000
06/14/2021,16.130000
06/15/2021,16.260000
06/16/2021,16.300000
06/17/2021,17.660000
06/18/2021,17.900000
06/21/2021,16.910000
06/22/2021,16.660000
06/23/2021,16.200000
06/24/2021,15.700000
06/25/2021,15.290000
06/28/2021,15.360000
06/29/2021,16.190000
06/30/2021,15.970000
07/01/2021,15.800000
07/02/2021,15.280000
07/06/2021,15.450000
07/07/2021,15.210000
07/08/2021,15.820000
07/09/2021,15.270000
07/12/2021,15.040000
07/13/2021,14.840000
07/14/2021,14.790000
07/15/2021,15.010000
07/16/2021,14.600000
07/19/2021,15.960000
07/20/2021,15.010000
07/21/2021,15.010000
07/22/2021,14.510000
07/23/2021,14.530000
07/26/2021,15.200000
07/27/2021,15.510000
07/28/2021,15.610000
07/29/2021,15.210000
07/30/2021,15.090000
08/02/2021,15.230000
08/03/2021,15.090000
08/04/2021,14.880000
08/05/2021,14.840000
08/06/2021,15.900000
08/09/2021,17.260000
08/10/2021,16.930000
08/11/2021,15.850000
08/12/2021,15.670000
08/13/2021,15.150000
08/16/2021,15.620000
08/17/2021,16.100000
08/18/2021,15.800000
08/19/2021,15.910000
08/20/2021,15.340000
08/23/2021,15.840000
08/24/2021,15.450000
08/25/2021,15.900000
08/26/2021,16.440000
08/27/2021,15.270000
08/30/2021,15.520000
08/31/2021,15.470000
09/01/2021,15.120000
09/02/2021,14.760000
09/03/2021,14.950000
09/07/2021,15.360000
09/08/2021,15.140000
09/09/2021,15.100000
09/10/2021,15.150000
09/13/2021,15.090000
09/14/2021,15.020000
09/15/2021,15.140000
09/16/2021,15.920000
09/17/2021,15.920000
09/20/2021,16.850000
09/21/2021,16.460000
09/22/2021,16.410000
09/23/2021,16.820000
09/24/2021,16.440000
09/27/2021,16.200000
09/28/2021,16.780000
09/29/2021,17.390000
09/30/2021,17.160000
10/01/2021,16.320000
10/04/2021,16.770000
10/05/2021,16.560000
10/06/2021,16.580000
10/07/2021,16.290000
10/08/2021,15.670000
10/11/2021,15.560000
10/12/2021,15.100000
10/13/2021,15.510000
10/14/2021,15.340000
10/15/2021,15.060000
10/18/2021,15.530000
10/19/2021,15.320000
10/20/2021,15.270000
10/21/2021,15.150000
10/22/2021,15.740000
10/25/2021,16.730000
10/26/2021,15.960000
10/27/2021,16.080000
10/28/2021,15.800000
10/29/2021,16.070000
11/01/2021,16.310000
11/02/2021,16.470000
11/03/2021,16.280000
11/04/2021,15.870000
11/05/2021,16.640000
11/08/2021,16.660000
11/09/2021,16.760000
11/10/2021,16.800000
11/11/2021,16.950000
11/12/2021,16.850000
11/15/2021,17.000000
11/16/2021,16.670000
11/17/2021,16.690000
11/18/2021,16.250000
11/19/2021,15.990000
11/22/2021,16.590000
11/23/2021,16.810000
11/24/2021,16.750000
11/26/2021,17.990000
11/29/2021,17.550000
11/30/2021,17.990000
12/01/2021,18.390000
12/02/2021,18.450000
12/03/2021,17.920000
12/06/2021,17.440000
12/07/2021,17.020000
12/08/2021,16.480000
12/09/2021,16.700000
12/10/2021,15.350000
12/13/2021,15.970000
12/14/2021,16.410000
12/15/2021,15.540000
12/16/2021,15.220000
12/17/2021,15.070000
12/20/2021,15.770000
12/21/2021,15.420000
12/22/2021,14.940000
12/23/2021,14.620000
12/24/2021,14.620000
12/27/2021,15.440000
12/28/2021,15.060000
12/29/2021,15.130000
12/30/2021,14.770000
12/31/2021,14.610000
01/03/2022,15.340000
01/04/2022,15.330000
01/05/2022,16.210000
01/06/2022,15.870000
01/07/2022,15.040000
01/10/2022,15.560000
01/11/2022,15.210000
01/12/2022,15.320000
01/13/2022,15.170000
01/14/2022,14.730000
01/18/2022,15.090000
01/19/2022,15.640000
01/20/2022,15.090000
01/21/2022,15.200000
01/24/2022,16.300000
01/25/2022,16.470000
01/26/2022,16.420000
01/27/2022,17.150000
01/28/2022,17.120000
01/31/2022,16.700000
02/01/2022,16.500000
02/02/2022,15.660000
02/03/2022,16.010000
02/04/2022,15.530000
02/07/2022,16.150000
02/08/2022,15.860000
02/09/2022,15.630000
02/10/2022,15.920000
02/11/2022,17.810000
02/14/2022,18.950000
02/15/2022,17.700000
02/16/2022,18.070000
02/17/2022,19.790000
02/18/2022,18.540000
02/22/2022,17.930000
02/23/2022,17.690000
02/24/2022,18.120000
02/25/2022,18.400000
02/28/2022,20.970000
03/01/2022,22.700000
03/02/2022,21.850000
03/03/2022,22.940000
03/04/2022,26.290000
03/07/2022,29.670000
03/08/2022,31.700000
03/09/2022,28.010000
03/10/2022,26.080000
03/11/2022,24.730000
03/14/2022,24.080000
03/15/2022,23.800000
03/16/2022,22.510000
03/17/2022,22.230000
03/18/2022,22.000000
03/21/2022,21.890000
03/22/2022,20.580000
03/23/2022,23.410000
03/24/2022,24.070000
03/25/2022,24.680000
03/28/2022,23.200000
03/29/2022,21.280000
03/30/2022,21.080000
03/31/2022,20.250000
04/01/2022,19.080000
04/04/2022,19.220000
04/05/2022,18.470000
04/06/2022,18.880000
04/07/2022,18.430000
04/08/2022,18.370000
04/11/2022,19.250000
04/12/2022,19.370000
04/13/2022,18.700000
04/14/2022,17.710000
04/18/2022,19.070000
04/19/2022,18.190000
04/20/2022,18.150000
04/21/2022,18.220000
04/22/2022,18.970000
04/25/2022,19.470000
04/26/2022,19.230000
04/27/2022,19.160000
04/28/2022,19.000000
04/29/2022,19.830000
05/02/2022,20.060000
05/03/2022,19.710000
05/04/2022,18.810000
05/05/2022,19.360000
05/06/2022,18.710000
05/09/2022,20.490000
05/10/2022,20.020000
05/11/2022,20.260000
05/12/2022,21.510000
05/13/2022,21.200000
05/16/2022,21.160000
05/17/2022,20.050000
05/18/2022,19.690000
05/19/2022,20.250000
05/20/2022,19.310000
05/23/2022,19.630000
05/24/2022,19.130000
05/25/2022,18.270000
05/26/2022,17.810000
05/27/2022,17.500000
05/31/2022,17.190000
06/01/2022,16.940000
06/02/2022,17.130000
06/03/2022,16.510000
06/06/2022,16.810000
06/07/2022,16.640000
06/08/2022,16.040000
06/09/2022,16.290000
06/10/2022,17.580000
06/13/2022,20.840000
06/14/2022,21.990000
06/15/2022,19.400000
06/16/2022,20.650000
06/17/2022,20.280000
06/21/2022,18.240000
06/22/2022,18.290000
06/23/2022,18.650000
06/24/2022,17.920000
06/27/2022,17.880000
06/28/2022,17.950000
06/29/2022,18.080000
06/30/2022,19.610000
07/01/2022,20.170000
07/05/2022,21.330000
07/06/2022,21.910000
07/07/2022,20.500000
07/08/2022,19.410000
07/11/2022,19.720000
07/12/2022,19.780000
07/13/2022,18.360000
07/14/2022,19.600000
07/15/2022,19.270000
07/18/2022,19.420000
07/19/2022,18.630000
07/20/2022,19.260000
07/21/2022,18.710000
07/22/2022,18.300000
07/25/2022,18.300000
07/26/2022,18.060000
07/27/2022,17.390000
07/28/2022,16.840000
07/29/2022,16.490000
08/01/2022,17.520000
08/02/2022,17.340000
08/03/2022,16.760000
08/04/2022,16.950000
08/05/2022,16.370000
08/08/2022,16.760000
08/09/2022,16.690000
08/10/2022,16.270000
08/11/2022,15.810000
08/12/2022,15.220000
08/15/2022,15.370000
08/16/2022,15.270000
08/17/2022,15.320000
08/18/2022,15.360000
08/19/2022,15.910000
08/22/2022,16.570000
08/23/2022,15.800000
08/24/2022,15.900000
08/25/2022,15.570000
08/26/2022,15.420000
08/29/2022,16.020000
08/30/2022,16.520000
08/31/2022,17.020000
09/01/2022,17.800000
09/02/2022,16.880000
09/06/2022,17.680000
09/07/2022,16.770000
09/08/2022,16.400000
09/09/2022,15.910000
09/12/2022,15.790000
09/13/2022,16.930000
09/14/2022,17.170000
09/15/2022,19.660000
09/16/2022,18.310000
09/19/2022,18.370000
09/20/2022,18.590000
09/21/2022,18.480000
09/22/2022,17.930000
09/23/2022,19.420000
09/26/2022,20.260000
09/27/2022,19.260000
09/28/2022,19.270000
09/29/2022,19.780000
09/30/2022,19.520000
10/03/2022,20.290000
10/04/2022,19.550000
10/05/2022,19.690000
10/06/2022,19.670000
10/07/2022,19.660000
10/10/2022,20.540000
10/11/2022,20.590000
10/12/2022,20.400000
10/13/2022,20.070000
10/14/2022,20.070000
10/17/2022,19.960000
10/18/2022,19.190000
10/19/2022,19.410000
10/20/2022,19.230000
10/21/2022,19.050000
10/24/2022,19.580000
10/25/2022,19.330000
10/26/2022,18.670000
10/27/2022,18.510000
10/28/2022,18.010000
10/31/2022,18.270000
11/01/2022,18.450000
11/02/2022,17.840000
11/03/2022,18.030000
11/04/2022,18.030000
11/07/2022,18.120000
11/08/2022,18.910000
11/09/2022,18.910000
11/10/2022,17.690000
11/11/2022,17.570000
11/14/2022,17.410000
11/15/2022,17.720000
11/16/2022,17.230000
11/17/2022,16.770000
11/18/2022,16.510000
11/21/2022,16.680000
11/22/2022,16.070000
11/23/2022,15.840000
11/25/2022,15.230000
11/28/2022,15.770000
11/29/2022,15.710000
11/30/2022,15.450000
12/01/2022,15.920000
12/02/2022,15.420000
12/05/2022,15.810000
12/06/2022,16.190000
12/07/2022,16.550000
12/08/2022,16.450000
12/09/2022,16.260000
12/12/2022,15.510000
12/13/2022,14.710000
12/14/2022,14.060000
12/15/2022,14.390000
12/16/2022,14.140000
12/19/2022,14.490000
12/20/2022,15.030000
12/21/2022,14.780000
12/22/2022,14.880000
12/23/2022,14.860000
12/27/2022,16.300000
12/28/2022,15.990000
12/29/2022,16.180000
12/30/2022,16.250000
01/03/2023,17.260000
01/04/2023,17.350000
01/05/2023,16.780000
01/06/2023,16.440000
01/09/2023,16.920000
01/10/2023,16.590000
01/11/2023,16.320000
01/12/2023,15.950000
01/13/2023,16.370000
01/17/2023,16.490000
01/18/2023,16.190000
01/19/2023,16.710000
01/20/2023,16.400000
01/23/2023,16.200000
01/24/2023,16.170000
01/25/2023,16.120000
01/26/2023,15.590000
01/27/2023,15.230000
01/30/2023,15.590000
01/31/2023,15.750000
02/01/2023,15.220000
02/02/2023,15.140000
02/03/2023,15.060000
02/06/2023,15.810000
02/07/2023,15.620000
02/08/2023,15.460000
02/09/2023,15.520000
02/10/2023,15.460000
02/13/2023,15.580000
02/14/2023,14.880000
02/15/2023,14.900000
02/16/2023,14.920000
02/17/2023,14.690000
02/21/2023,15.480000
02/22/2023,15.050000
02/23/2023,14.840000
02/24/2023,14.560000
02/27/2023,14.350000
02/28/2023,14.170000
03/01/2023,14.160000
03/02/2023,13.940000
03/03/2023,13.930000
03/06/2023,14.240000
03/07/2023,14.200000
03/08/2023,13.790000
03/09/2023,14.300000
03/10/2023,16.570000
03/13/2023,20.000000
03/14/2023,17.950000
03/15/2023,19.750000
03/16/2023,17.380000
03/17/2023,22.830000
03/20/2023,21.400000
03/21/2023,19.140000
03/22/2023,19.220000
03/23/2023,20.950000
03/24/2023,19.960000
03/27/2023,19.180000
03/28/2023,19.030000
03/29/2023,17.770000
03/30/2023,18.390000
03/31/2023,17.310000
04/03/2023,18.250000
04/04/2023,19.730000
04/05/2023,18.980000
04/06/2023,18.440000
04/10/2023,18.540000
04/11/2023,18.330000
04/12/2023,17.690000
04/13/2023,18.480000
04/14/2023,17.160000
04/17/2023,17.370000
04/18/2023,17.140000
04/19/2023,17.210000
04/20/2023,17.210000
04/21/2023,16.420000
04/24/2023,16.880000
04/25/2023,17.720000
04/26/2023,17.740000
04/27/2023,17.280000
04/28/2023,16.470000
05/01/2023,16.630000
05/02/2023,18.690000
05/03/2023,18.700000
05/04/2023,20.350000
05/05/2023,18.500000
05/08/2023,18.670000
05/09/2023,18.730000
05/10/2023,18.370000
05/11/2023,17.770000
05/12/2023,17.370000
05/15/2023,17.520000
05/16/2023,17.620000
05/17/2023,16.990000
05/18/2023,16.950000
05/19/2023,17.220000
05/22/2023,17.550000
05/23/2023,17.660000
05/24/2023,17.560000
05/25/2023,16.840000
05/26/2023,16.300000
05/30/2023,15.880000
05/31/2023,15.630000
06/01/2023,15.500000
06/02/2023,14.320000
06/05/2023,14.270000
06/06/2023,13.940000
06/07/2023,13.810000
06/08/2023,13.940000
06/09/2023,13.690000
06/12/2023,13.700000
06/13/2023,13.450000
06/14/2023,12.840000
06/15/2023,13.000000
06/16/2023,12.400000
06/20/2023,12.730000
06/21/2023,12.980000
06/22/2023,12.960000
06/23/2023,12.730000
06/26/2023,13.080000
06/27/2023,12.880000
06/28/2023,12.530000
06/29/2023,12.210000
06/30/2023,12.040000
07/03/2023,12.220000
07/05/2023,12.460000
07/06/2023,12.250000
07/07/2023,12.120000
07/10/2023,12.410000
07/11/2023,12.640000
07/12/2023,13.120000
07/13/2023,12.730000
07/14/2023,12.050000
07/17/2023,12.340000
07/18/2023,12.620000
07/19/2023,12.890000
07/20/2023,12.670000
07/21/2023,12.230000
07/24/2023,12.350000
07/25/2023,12.420000
07/26/2023,12.110000
07/27/2023,12.290000
07/28/2023,11.780000
07/31/2023,12.160000
08/01/2023,11.830000
08/02/2023,12.450000
08/03/2023,12.790000
08/04/2023,12.220000
08/07/2023,12.240000
08/08/2023,12.210000
08/09/2023,12.330000
08/10/2023,11.840000
08/11/2023,11.540000
08/14/2023,11.970000
08/15/2023,12.110000
08/16/2023,12.430000
08/17/2023,12.890000
08/18/2023,12.630000
08/21/2023,12.910000
08/22/2023,12.580000
08/23/2023,12.670000
08/24/2023,12.530000
08/25/2023,12.090000
08/28/2023,12.210000
08/29/2023,12.500000
08/30/2023,12.390000
08/31/2023,11.780000
09/01/2023,11.280000
09/05/2023,11.360000
09/06/2023,11.310000
09/07/2023,11.110000
09/08/2023,10.990000
09/11/2023,10.750000
09/12/2023,10.820000
09/13/2023,10.330000
09/14/2023,10.220000
09/15/2023,10.340000
09/18/2023,11.100000
09/19/2023,11.090000
09/20/2023,10.960000
09/21/2023,11.110000
09/22/2023,10.870000
09/25/2023,11.430000
09/26/2023,13.630000
09/27/2023,13.860000
09/28/2023,13.090000
09/29/2023,12.940000
10/02/2023,14.130000
10/03/2023,15.310000
10/04/2023,14.580000
10/05/2023,14.700000
10/06/2023,14.030000
10/09/2023,15.180000
10/10/2023,14.490000
10/11/2023,14.380000
10/12/2023,13.980000
10/13/2023,18.910000
10/16/2023,16.220000
10/17/2023,16.590000
10/18/2023,17.380000
10/19/2023,19.400000
10/20/2023,18.560000
10/23/2023,17.280000
10/24/2023,16.050000
10/25/2023,16.760000
10/26/2023,16.530000
10/27/2023,17.690000
10/30/2023,16.840000
10/31/2023,16.230000
11/01/2023,15.360000
11/02/2023,14.760000
11/03/2023,14.040000
11/06/2023,13.250000
11/07/2023,13.330000
11/08/2023,14.070000
11/09/2023,14.060000
11/10/2023,13.960000
11/13/2023,13.920000
11/14/2023,13.730000
11/15/2023,12.980000
11/16/2023,13.040000
11/17/2023,12.970000
11/20/2023,12.590000
11/21/2023,14.090000
11/22/2023,13.350000
11/24/2023,13.050000
11/27/2023,13.310000
11/28/2023,15.540000
11/29/2023,15.040000
11/30/2023,14.220000
12/01/2023,16.960000
12/04/2023,17.130000
12/05/2023,15.460000
12/06/2023,15.400000
12/07/2023,14.930000
12/08/2023,14.140000
12/11/2023,13.990000
12/12/2023,12.820000
12/13/2023,13.670000
12/14/2023,13.960000
12/15/2023,13.490000
12/18/2023,13.790000
12/19/2023,13.750000
12/20/2023,13.820000
12/21/2023,14.270000
12/22/2023,15.250000
12/26/2023,15.830000
12/27/2023,16.960000
12/28/2023,16.050000
12/29/2023,15.850000
01/02/2024,15.730000
01/03/2024,14.850000
01/04/2024,14.200000
01/05/2024,13.810000
01/08/2024,13.560000
01/09/2024,13.160000
01/10/2024,13.260000
01/11/2024,12.800000
01/12/2024,13.490000
01/16/2024,13.550000
01/17/2024,13.530000
01/18/2024,13.090000
01/19/2024,12.950000
01/22/2024,12.830000
01/23/2024,12.730000
01/24/2024,12.700000
01/25/2024,12.790000
01/26/2024,11.910000
01/29/2024,13.080000
01/30/2024,13.050000
01/31/2024,13.160000
02/01/2024,13.720000
02/02/2024,12.660000
02/05/2024,12.490000
02/06/2024,12.310000
02/07/2024,11.840000
02/08/2024,11.710000
02/09/2024,11.200000
02/12/2024,11.810000
02/13/2024,12.150000
02/14/2024,12.020000
02/15/2024,11.790000
02/16/2024,11.750000
02/20/2024,11.810000
02/21/2024,11.460000
02/22/2024,11.190000
02/23/2024,11.500000
02/26/2024,11.290000
02/27/2024,10.950000
02/28/2024,10.930000
02/29/2024,11.160000
03/01/2024,13.470000
03/04/2024,14.610000
03/05/2024,14.540000
03/06/2024,15.170000
03/07/2024,15.090000
03/08/2024,15.470000
03/11/2024,15.500000
03/12/2024,14.100000
03/13/2024,14.090000
03/14/2024,13.300000
03/15/2024,13.540000
03/18/2024,13.830000
03/19/2024,13.480000
03/20/2024,13.620000
03/21/2024,13.420000
03/22/2024,12.530000
03/25/2024,12.090000
03/26/2024,12.570000
03/27/2024,13.580000
03/28/2024,15.440000
04/01/2024,16.250000
04/02/2024,17.130000
04/03/2024,17.490000
04/04/2024,17.290000
04/05/2024,16.920000
04/08/2024,18.170000
04/09/2024,18.300000
04/10/2024,18.670000
04/11/2024,18.970000
04/12/2024,20.210000
04/15/2024,22.250000
04/16/2024,20.560000
04/17/2024,19.010000
04/18/2024,18.650000
04/19/2024,18.510000
04/22/2024,17.760000
04/23/2024,17.730000
04/24/2024,17.450000
04/25/2024,17.320000
04/26/2024,16.920000
04/29/2024,16.920000
04/30/2024,16.540000
05/01/2024,16.250000
05/02/2024,16.050000
05/03/2024,15.830000
05/06/2024,16.230000
05/07/2024,15.750000
05/08/2024,15.290000
05/09/2024,16.270000
05/10/2024,16.200000
05/13/2024,16.520000
05/14/2024,16.610000
05/15/2024,16.990000
05/16/2024,16.260000
05/17/2024,17.400000
05/20/2024,17.580000
05/21/2024,16.760000
05/22/2024,16.450000
05/23/2024,16.030000
05/24/2024,15.260000
05/28/2024,15.920000
05/29/2024,15.830000
05/30/2024,15.740000
05/31/2024,15.260000
06/03/2024,16.000000
06/04/2024,16.220000
06/05/2024,16.500000
06/06/2024,16.850000
06/07/2024,17.130000
06/10/2024,16.660000
06/11/2024,16.450000
06/12/2024,15.920000
06/13/2024,15.710000
06/14/2024,16.070000
06/17/2024,15.630000
06/18/2024,15.640000
06/20/2024,16.400000
06/21/2024,15.860000
06/24/2024,15.490000
06/25/2024,14.880000
06/26/2024,14.880000
06/27/2024,15.010000
06/28/2024,14.720000
07/01/2024,14.860000
07/02/2024,14.350000
07/03/2024,14.890000
07/05/2024,15.620000
07/08/2024,15.130000
07/09/2024,14.640000
07/10/2024,14.890000
07/11/2024,15.740000
07/12/2024,15.120000
07/15/2024,15.980000
07/16/2024,17.150000
07/17/2024,16.700000
07/18/2024,16.250000
07/19/2024,16.340000
07/22/2024,15.740000
07/23/2024,15.440000
07/24/2024,15.980000
07/25/2024,15.540000
07/26/2024,15.200000
07/29/2024,15.640000
07/30/2024,16.300000
07/31/2024,17.880000
08/01/2024,17.610000
08/02/2024,18.700000
08/05/2024,21.950000
08/06/2024,19.100000
08/07/2024,18.120000
08/08/2024,18.450000
08/09/2024,17.800000
08/12/2024,20.610000
08/13/2024,19.180000
08/14/2024,18.490000
08/15/2024,18.160000
08/16/2024,20.090000
08/19/2024,18.770000
08/20/2024,18.470000
08/21/2024,18.630000
08/22/2024,17.890000
08/23/2024,17.490000
08/26/2024,17.900000
08/27/2024,17.690000
08/28/2024,17.180000
08/29/2024,17.220000
08/30/2024,16.400000
09/03/2024,16.550000
09/04/2024,16.190000
09/05/2024,16.480000
09/06/2024,16.490000
09/09/2024,16.160000
09/10/2024,16.080000
09/11/2024,15.520000
09/12/2024,16.740000
09/13/2024,16.880000
09/16/2024,17.030000
09/17/2024,17.490000
09/18/2024,17.130000
09/19/2024,16.760000
09/20/2024,17.080000
09/23/2024,17.720000
09/24/2024,19.260000
09/25/2024,19.130000
09/26/2024,18.820000
09/27/2024,18.590000
09/30/2024,18.080000
10/01/2024,18.570000
10/02/2024,18.070000
10/03/2024,18.280000
10/04/2024,17.480000
10/07/2024,17.710000
10/08/2024,17.640000
10/09/2024,17.620000
10/10/2024,17.270000
10/11/2024,17.270000
10/14/2024,17.470000
10/15/2024,17.380000
10/16/2024,17.310000
10/17/2024,17.570000
10/18/2024,17.770000
10/21/2024,18.190000
10/22/2024,18.730000
10/23/2024,18.980000
10/24/2024,18.660000
10/25/2024,18.880000
10/28/2024,18.340000
10/29/2024,18.510000
10/30/2024,18.680000
10/31/2024,19.460000
11/01/2024,19.290000
11/04/2024,19.910000
11/05/2024,19.590000
11/06/2024,17.630000
11/07/2024,17.370000
11/08/2024,15.910000
11/11/2024,16.020000
11/12/2024,16.250000
11/13/2024,17.050000
11/14/2024,17.390000
11/15/2024,17.170000
11/18/2024,16.970000
11/19/2024,17.850000
11/20/2024,18.340000
11/21/2024,17.590000
11/22/2024,17.540000
11/25/2024,17.800000
11/26/2024,17.000000
11/27/2024,16.540000
11/29/2024,16.370000
12/02/2024,16.330000
12/03/2024,16.210000
12/04/2024,15.920000
12/05/2024,15.930000
12/06/2024,15.040000
12/09/2024,15.750000
12/10/2024,16.340000
12/11/2024,16.860000
12/12/2024,15.430000
12/13/2024,15.630000
12/16/2024,15.380000
12/17/2024,15.640000
12/18/2024,16.540000
12/19/2024,15.830000
12/20/2024,15.730000
12/23/2024,15.540000
12/24/2024,14.710000
12/26/2024,15.190000
12/27/2024,14.670000
12/30/2024,15.020000
12/31/2024,14.620000
01/02/2025,15.070000
01/03/2025,14.490000
01/06/2025,14.760000
01/07/2025,14.680000
01/08/2025,14.820000
01/10/2025,15.770000
01/13/2025,15.270000
01/14/2025,15.000000
01/15/2025,15.230000
01/16/2025,15.400000
01/17/2025,14.980000
01/21/2025,15.500000
01/22/2025,15.240000
01/23/2025,14.950000
01/24/2025,14.850000
01/27/2025,15.230000
01/28/2025,15.460000
01/29/2025,14.840000
01/30/2025,16.090000
01/31/2025,15.820000
02/03/2025,16.810000
02/04/2025,17.110000
02/05/2025,17.190000
02/06/2025,16.270000
02/07/2025,16.230000
02/10/2025,17.590000
02/11/2025,17.480000
02/12/2025,17.340000
02/13/2025,17.130000
